slope_deg,condition,soil,metric,value,completed,fail_reason
0.0,B1,40,slip_mean,0.30076075126927104,True,
0.0,B1,40,slip_max,0.30725486649721906,True,
0.0,B1,40,anchor_back_over_stroke,0.0,True,
0.0,B1,40,z_F_mean,0.01863485388431664,True,
0.0,B1,40,z_R_mean,0.018633562376013626,True,
0.0,B1,40,travel_eff,0.8225315491133048,True,
0.0,B1,40,cot,0.827479275484737,True,
0.0,B1,40,cog_err_rms,0.0,True,
0.0,B1,40,NF_min,58.850707500127655,True,
0.0,B1,41,slip_mean,0.3443643344027417,True,
0.0,B1,41,slip_max,0.5536945533622535,True,
0.0,B1,41,anchor_back_over_stroke,0.0,True,
0.0,B1,41,z_F_mean,0.018741300912546922,True,
0.0,B1,41,z_R_mean,0.018080178920005373,True,
0.0,B1,41,travel_eff,0.7730396829388879,True,
0.0,B1,41,cot,1.1074754210514581,True,
0.0,B1,41,cog_err_rms,0.0,True,
0.0,B1,41,NF_min,59.06062627451211,True,
0.0,B1,42,slip_mean,0.3516191423343323,True,
0.0,B1,42,slip_max,0.3526620347083884,True,
0.0,B1,42,anchor_back_over_stroke,0.0,True,
0.0,B1,42,z_F_mean,0.01246047536149059,True,
0.0,B1,42,z_R_mean,0.012461842299756491,True,
0.0,B1,42,travel_eff,0.7627057428128581,True,
0.0,B1,42,cot,1.0345637675834733,True,
0.0,B1,42,cog_err_rms,0.0,True,
0.0,B1,42,NF_min,58.845956023849375,True,
0.0,B1,43,slip_mean,0.39670800904992065,True,
0.0,B1,43,slip_max,0.39670800904992176,True,
0.0,B1,43,anchor_back_over_stroke,0.0,True,
0.0,B1,43,z_F_mean,0.005607813234331458,True,
0.0,B1,43,z_R_mean,0.005607813234330791,True,
0.0,B1,43,travel_eff,0.7096665640611057,True,
0.0,B1,43,cot,0.8465504757757293,True,
0.0,B1,43,cog_err_rms,0.0,True,
0.0,B1,43,NF_min,58.859999999999104,True,
0.0,B1,44,slip_mean,0.3682333758315431,True,
0.0,B1,44,slip_max,0.3720028934623323,True,
0.0,B1,44,anchor_back_over_stroke,0.0,True,
0.0,B1,44,z_F_mean,0.016354753320100446,True,
0.0,B1,44,z_R_mean,0.01635623806277385,True,
0.0,B1,44,travel_eff,0.7431619451057391,True,
0.0,B1,44,cot,0.8605270513767136,True,
0.0,B1,44,cog_err_rms,0.0,True,
0.0,B1,44,NF_min,58.85467948708197,True,
0.0,B1,45,slip_mean,0.3707089487409221,True,
0.0,B1,45,slip_max,0.3742576715603065,True,
0.0,B1,45,anchor_back_over_stroke,0.0,True,
0.0,B1,45,z_F_mean,0.010195742465116016,True,
0.0,B1,45,z_R_mean,0.010196732514839582,True,
0.0,B1,45,travel_eff,0.7402498704440059,True,
0.0,B1,45,cot,0.7637586935624325,True,
0.0,B1,45,cog_err_rms,0.0,True,
0.0,B1,45,NF_min,58.85515807473051,True,
0.0,B1,46,slip_mean,0.3752355444581894,True,
0.0,B1,46,slip_max,0.3758759778393628,True,
0.0,B1,46,anchor_back_over_stroke,0.0,True,
0.0,B1,46,z_F_mean,0.008357070933917032,True,
0.0,B1,46,z_R_mean,0.008357968354423416,True,
0.0,B1,46,travel_eff,0.7349251293939695,True,
0.0,B1,46,cot,0.8614620926941109,True,
0.0,B1,46,cog_err_rms,0.0,True,
0.0,B1,46,NF_min,58.849166276608194,True,
0.0,B1,47,slip_mean,0.3951512123707015,True,
0.0,B1,47,slip_max,0.3981014958101842,True,
0.0,B1,47,anchor_back_over_stroke,0.0,True,
0.0,B1,47,z_F_mean,0.005544731293425505,True,
0.0,B1,47,z_R_mean,0.005545455315369384,True,
0.0,B1,47,travel_eff,0.7114978656990928,True,
0.0,B1,47,cot,0.7622745315114606,True,
0.0,B1,47,cog_err_rms,0.0,True,
0.0,B1,47,NF_min,58.85368748467483,True,
0.0,B1,48,slip_mean,0.47497851946230946,True,
0.0,B1,48,slip_max,0.47645102236285886,True,
0.0,B1,48,anchor_back_over_stroke,0.0,True,
0.0,B1,48,z_F_mean,0.008583107797590495,True,
0.0,B1,48,z_R_mean,0.008583048023499497,True,
0.0,B1,48,travel_eff,0.6175951892551127,True,
0.0,B1,48,cot,0.7568799328899709,True,
0.0,B1,48,cog_err_rms,0.0,True,
0.0,B1,48,NF_min,58.85796911906063,True,
0.0,B1,49,slip_mean,0.40064014542836945,True,
0.0,B1,49,slip_max,0.4039529602368282,True,
0.0,B1,49,anchor_back_over_stroke,0.0,True,
0.0,B1,49,z_F_mean,0.009667678525865454,True,
0.0,B1,49,z_R_mean,0.00966703342197402,True,
0.0,B1,49,travel_eff,0.705041083202365,True,
0.0,B1,49,cot,0.7539607690794942,True,
0.0,B1,49,cog_err_rms,0.0,True,
0.0,B1,49,NF_min,58.85674070948729,True,
0.0,B1,50,slip_mean,0.5138425567225136,True,
0.0,B1,50,slip_max,0.5138425567225136,True,
0.0,B1,50,anchor_back_over_stroke,0.0,True,
0.0,B1,50,z_F_mean,0.007457730126063976,True,
0.0,B1,50,z_R_mean,0.007457730126064667,True,
0.0,B1,50,travel_eff,0.5718784395248693,True,
0.0,B1,50,cot,0.6616090540554141,True,
0.0,B1,50,cog_err_rms,0.0,True,
0.0,B1,50,NF_min,58.86000000000044,True,
0.0,B1,51,slip_mean,0.3257808714568261,True,
0.0,B1,51,slip_max,0.32578087145682766,True,
0.0,B1,51,anchor_back_over_stroke,0.0,True,
0.0,B1,51,z_F_mean,0.009153198306350925,True,
0.0,B1,51,z_R_mean,0.009153198306353428,True,
0.0,B1,51,travel_eff,0.793099824882929,True,
0.0,B1,51,cot,0.8354016713388274,True,
0.0,B1,51,cog_err_rms,0.0,True,
0.0,B1,51,NF_min,58.86000000000078,True,
0.0,B1,52,slip_mean,0.3613410676373159,True,
0.0,B1,52,slip_max,0.36134106763732254,True,
0.0,B1,52,anchor_back_over_stroke,0.0,True,
0.0,B1,52,z_F_mean,0.021200010872447578,True,
0.0,B1,52,z_R_mean,0.021200010872448168,True,
0.0,B1,52,travel_eff,0.7512695294066705,True,
0.0,B1,52,cot,1.1422619197546229,True,
0.0,B1,52,cog_err_rms,0.0,True,
0.0,B1,52,NF_min,58.859999999999786,True,
0.0,B1,53,slip_mean,0.42748373508276827,True,
0.0,B1,53,slip_max,0.4274837350827739,True,
0.0,B1,53,anchor_back_over_stroke,0.0,True,
0.0,B1,53,z_F_mean,0.013120279584421324,True,
0.0,B1,53,z_R_mean,0.013120279584421688,True,
0.0,B1,53,travel_eff,0.6734643533920378,True,
0.0,B1,53,cot,0.9437441286404454,True,
0.0,B1,53,cog_err_rms,0.0,True,
0.0,B1,53,NF_min,58.86000000000018,True,
0.0,B1,54,slip_mean,0.5232666145558078,True,
0.0,B1,54,slip_max,0.5245933034755823,True,
0.0,B1,54,anchor_back_over_stroke,0.0,True,
0.0,B1,54,z_F_mean,0.008036974017620211,True,
0.0,B1,54,z_R_mean,0.008037265879674666,True,
0.0,B1,54,travel_eff,0.5607926985546023,True,
0.0,B1,54,cot,0.8154033474862236,True,
0.0,B1,54,cog_err_rms,0.0,True,
0.0,B1,54,NF_min,58.8582800766287,True,
0.0,B1,55,slip_mean,0.3603661554017555,True,
0.0,B1,55,slip_max,0.360366155401756,True,
0.0,B1,55,anchor_back_over_stroke,0.0,True,
0.0,B1,55,z_F_mean,0.011225276019391562,True,
0.0,B1,55,z_R_mean,0.01122527601938884,True,
0.0,B1,55,travel_eff,0.7524163416100127,True,
0.0,B1,55,cot,0.7916964443025786,True,
0.0,B1,55,cog_err_rms,0.0,True,
0.0,B1,55,NF_min,58.85999999999919,True,
0.0,B1,56,slip_mean,0.39443408627914844,True,
0.0,B1,56,slip_max,0.39443408627914933,True,
0.0,B1,56,anchor_back_over_stroke,0.0,True,
0.0,B1,56,z_F_mean,0.016426230171800473,True,
0.0,B1,56,z_R_mean,0.016426230171799998,True,
0.0,B1,56,travel_eff,0.7123414329196156,True,
0.0,B1,56,cot,0.93930112138496,True,
0.0,B1,56,cog_err_rms,0.0,True,
0.0,B1,56,NF_min,58.85999999999977,True,
0.0,B1,57,slip_mean,0.3915806031809225,True,
0.0,B1,57,slip_max,0.39158060318092436,True,
0.0,B1,57,anchor_back_over_stroke,0.0,True,
0.0,B1,57,z_F_mean,0.011845313863424687,True,
0.0,B1,57,z_R_mean,0.01184531386342478,True,
0.0,B1,57,travel_eff,0.7156980522274561,True,
0.0,B1,57,cot,0.9440645722909818,True,
0.0,B1,57,cog_err_rms,0.0,True,
0.0,B1,57,NF_min,58.86000000000014,True,
0.0,B1,58,slip_mean,0.4858154570606829,True,
0.0,B1,58,slip_max,0.4858154570606846,True,
0.0,B1,58,anchor_back_over_stroke,0.0,True,
0.0,B1,58,z_F_mean,0.006452710972685708,True,
0.0,B1,58,z_R_mean,0.006452710972688835,True,
0.0,B1,58,travel_eff,0.6048473763177719,True,
0.0,B1,58,cot,0.6890427927410698,True,
0.0,B1,58,cog_err_rms,0.0,True,
0.0,B1,58,NF_min,58.86000000000039,True,
0.0,B1,59,slip_mean,0.44525877588438323,True,
0.0,B1,59,slip_max,0.4452587758843857,True,
0.0,B1,59,anchor_back_over_stroke,0.0,True,
0.0,B1,59,z_F_mean,0.011564672538366981,True,
0.0,B1,59,z_R_mean,0.011564672538366355,True,
0.0,B1,59,travel_eff,0.6525551546630495,True,
0.0,B1,59,cot,0.9121281353166754,True,
0.0,B1,59,cog_err_rms,0.0,True,
0.0,B1,59,NF_min,58.85999999999937,True,
0.0,B2,40,slip_mean,0.25498552546902054,True,
0.0,B2,40,slip_max,1.0,True,
0.0,B2,40,anchor_back_over_stroke,0.17166640531964172,True,
0.0,B2,40,z_F_mean,0.019278920729856642,True,
0.0,B2,40,z_R_mean,0.017075452409413185,True,
0.0,B2,40,travel_eff,0.8663018663873008,True,
0.0,B2,40,cot,1.0197938429479911,True,
0.0,B2,40,cog_err_rms,0.0,True,
0.0,B2,40,NF_min,58.60029374627332,True,
0.0,B2,41,slip_mean,0.23876091321092904,True,
0.0,B2,41,slip_max,0.9624661143152472,True,
0.0,B2,41,anchor_back_over_stroke,0.12286123315470054,True,
0.0,B2,41,z_F_mean,0.018603042470403477,True,
0.0,B2,41,z_R_mean,0.016449751697529175,True,
0.0,B2,41,travel_eff,0.8743534137048399,True,
0.0,B2,41,cot,1.3284014135661069,True,
0.0,B2,41,cog_err_rms,0.0,True,
0.0,B2,41,NF_min,58.645789370269604,True,
0.0,B2,42,slip_mean,0.28189542719116006,True,
0.0,B2,42,slip_max,1.0,True,
0.0,B2,42,anchor_back_over_stroke,0.2293988901197236,True,
0.0,B2,42,z_F_mean,0.012619667083350331,True,
0.0,B2,42,z_R_mean,0.011121004265798349,True,
0.0,B2,42,travel_eff,0.8191441545667257,True,
0.0,B2,42,cot,1.2838866575714893,True,
0.0,B2,42,cog_err_rms,0.0,True,
0.0,B2,42,NF_min,58.798558473386464,True,
0.0,B2,43,slip_mean,0.29585940778292674,True,
0.0,B2,43,slip_max,1.0,True,
0.0,B2,43,anchor_back_over_stroke,0.3126339992102647,True,
0.0,B2,43,z_F_mean,0.0058413566235643415,True,
0.0,B2,43,z_R_mean,0.005081436769723889,True,
0.0,B2,43,travel_eff,0.7913697221034095,True,
0.0,B2,43,cot,1.055851177954974,True,
0.0,B2,43,cog_err_rms,0.0,True,
0.0,B2,43,NF_min,58.77082545951063,True,
0.0,B2,44,slip_mean,0.2827264319589526,True,
0.0,B2,44,slip_max,1.0,True,
0.0,B2,44,anchor_back_over_stroke,0.2921773787773267,True,
0.0,B2,44,z_F_mean,0.01647044155803973,True,
0.0,B2,44,z_R_mean,0.014475777040368362,True,
0.0,B2,44,travel_eff,0.8102131505420942,True,
0.0,B2,44,cot,1.0619448768262085,True,
0.0,B2,44,cog_err_rms,0.0,True,
0.0,B2,44,NF_min,58.685666378686506,True,
0.0,B2,45,slip_mean,0.2817704398538512,True,
0.0,B2,45,slip_max,1.0,True,
0.0,B2,45,anchor_back_over_stroke,0.26239357256658064,True,
0.0,B2,45,z_F_mean,0.010551337762338008,True,
0.0,B2,45,z_R_mean,0.009135462948661001,True,
0.0,B2,45,travel_eff,0.8213375342334293,True,
0.0,B2,45,cot,0.9716081161972813,True,
0.0,B2,45,cog_err_rms,0.0,True,
0.0,B2,45,NF_min,58.7056284050594,True,
0.0,B2,46,slip_mean,0.29202837304840423,True,
0.0,B2,46,slip_max,1.0,True,
0.0,B2,46,anchor_back_over_stroke,0.29640677629513046,True,
0.0,B2,46,z_F_mean,0.008469029955253247,True,
0.0,B2,46,z_R_mean,0.0074203550998097,True,
0.0,B2,46,travel_eff,0.7987318685057395,True,
0.0,B2,46,cot,1.0972250035218611,True,
0.0,B2,46,cog_err_rms,0.0,True,
0.0,B2,46,NF_min,58.75392642342038,True,
0.0,B2,47,slip_mean,0.2911896768561173,True,
0.0,B2,47,slip_max,1.0,True,
0.0,B2,47,anchor_back_over_stroke,0.3068751853580478,True,
0.0,B2,47,z_F_mean,0.00561903969591732,True,
0.0,B2,47,z_R_mean,0.0048867332039952685,True,
0.0,B2,47,travel_eff,0.7987533331784463,True,
0.0,B2,47,cot,0.9687919214097993,True,
0.0,B2,47,cog_err_rms,0.0,True,
0.0,B2,47,NF_min,58.743048221784306,True,
0.0,B2,48,slip_mean,0.3148370877343994,True,
0.0,B2,48,slip_max,1.0,True,
0.0,B2,48,anchor_back_over_stroke,0.4010390974222903,True,
0.0,B2,48,z_F_mean,0.00849689890728167,True,
0.0,B2,48,z_R_mean,0.007348016676581665,True,
0.0,B2,48,travel_eff,0.7611184845971645,True,
0.0,B2,48,cot,0.9068972713305736,True,
0.0,B2,48,cog_err_rms,0.0,True,
0.0,B2,48,NF_min,58.74328236848646,True,
0.0,B2,49,slip_mean,0.2929881077812947,True,
0.0,B2,49,slip_max,1.0,True,
0.0,B2,49,anchor_back_over_stroke,0.3579143080427399,True,
0.0,B2,49,z_F_mean,0.009700494753189105,True,
0.0,B2,49,z_R_mean,0.00843417756379375,True,
0.0,B2,49,travel_eff,0.7837061758524153,True,
0.0,B2,49,cot,0.9472193854308638,True,
0.0,B2,49,cog_err_rms,0.0,True,
0.0,B2,49,NF_min,58.66535669236727,True,
0.0,B2,50,slip_mean,0.3196522482120081,True,
0.0,B2,50,slip_max,1.0,True,
0.0,B2,50,anchor_back_over_stroke,0.4871038875833073,True,
0.0,B2,50,z_F_mean,0.007757190196865091,True,
0.0,B2,50,z_R_mean,0.006681632924576237,True,
0.0,B2,50,travel_eff,0.7345307717093147,True,
0.0,B2,50,cot,0.7622058919507747,True,
0.0,B2,50,cog_err_rms,0.0,True,
0.0,B2,50,NF_min,58.6996679698875,True,
0.0,B2,51,slip_mean,0.26704481024831384,True,
0.0,B2,51,slip_max,1.0,True,
0.0,B2,51,anchor_back_over_stroke,0.22201630690736493,True,
0.0,B2,51,z_F_mean,0.009433076512874656,True,
0.0,B2,51,z_R_mean,0.008267532460677305,True,
0.0,B2,51,travel_eff,0.836757114061061,True,
0.0,B2,51,cot,1.0733975387899106,True,
0.0,B2,51,cog_err_rms,0.0,True,
0.0,B2,51,NF_min,58.69029829570267,True,
0.0,B2,52,slip_mean,0.29937720640286486,True,
0.0,B2,52,slip_max,1.0,True,
0.0,B2,52,anchor_back_over_stroke,0.1398597572769113,True,
0.0,B2,52,z_F_mean,0.022347485529286566,True,
0.0,B2,52,z_R_mean,0.01976009608358467,True,
0.0,B2,52,travel_eff,0.8433067872412285,True,
0.0,B2,52,cot,1.381626110375588,True,
0.0,B2,52,cog_err_rms,0.0,True,
0.0,B2,52,NF_min,58.86971476805926,True,
0.0,B2,53,slip_mean,0.31655075018701445,True,
0.0,B2,53,slip_max,1.0,True,
0.0,B2,53,anchor_back_over_stroke,0.36424904881996295,True,
0.0,B2,53,z_F_mean,0.01378686504134955,True,
0.0,B2,53,z_R_mean,0.012120013307014834,True,
0.0,B2,53,travel_eff,0.7659389383005194,True,
0.0,B2,53,cot,1.16121754335378,True,
0.0,B2,53,cog_err_rms,0.0,True,
0.0,B2,53,NF_min,58.80692575322538,True,
0.0,B2,54,slip_mean,0.3239001792628968,True,
0.0,B2,54,slip_max,1.0,True,
0.0,B2,54,anchor_back_over_stroke,0.39500327856577566,True,
0.0,B2,54,z_F_mean,0.00787400927974274,True,
0.0,B2,54,z_R_mean,0.006799399549507566,True,
0.0,B2,54,travel_eff,0.7639759469123616,True,
0.0,B2,54,cot,0.8907469655669021,True,
0.0,B2,54,cog_err_rms,0.0,True,
0.0,B2,54,NF_min,58.829193730689425,True,
0.0,B2,55,slip_mean,0.27941483301487824,True,
0.0,B2,55,slip_max,1.0,True,
0.0,B2,55,anchor_back_over_stroke,0.2930592185463039,True,
0.0,B2,55,z_F_mean,0.011543509490801258,True,
0.0,B2,55,z_R_mean,0.010135996067687744,True,
0.0,B2,55,travel_eff,0.8112356209073653,True,
0.0,B2,55,cot,1.0073451920327163,True,
0.0,B2,55,cog_err_rms,0.0,True,
0.0,B2,55,NF_min,58.65263210537729,True,
0.0,B2,56,slip_mean,0.29874897303112846,True,
0.0,B2,56,slip_max,1.0,True,
0.0,B2,56,anchor_back_over_stroke,0.2982843933503351,True,
0.0,B2,56,z_F_mean,0.017119674285077466,True,
0.0,B2,56,z_R_mean,0.015079308198429552,True,
0.0,B2,56,travel_eff,0.7985059606296122,True,
0.0,B2,56,cot,1.1494307338532137,True,
0.0,B2,56,cog_err_rms,0.0,True,
0.0,B2,56,NF_min,58.76888423067295,True,
0.0,B2,57,slip_mean,0.30296112087786614,True,
0.0,B2,57,slip_max,1.0,True,
0.0,B2,57,anchor_back_over_stroke,0.249197420479759,True,
0.0,B2,57,z_F_mean,0.012537998991728675,True,
0.0,B2,57,z_R_mean,0.011033371190554335,True,
0.0,B2,57,travel_eff,0.8096887989925415,True,
0.0,B2,57,cot,1.177604464274043,True,
0.0,B2,57,cog_err_rms,0.0,True,
0.0,B2,57,NF_min,58.85285920097301,True,
0.0,B2,58,slip_mean,0.31035726435542715,True,
0.0,B2,58,slip_max,1.0,True,
0.0,B2,58,anchor_back_over_stroke,0.40355197390189856,True,
0.0,B2,58,z_F_mean,0.006271368659278597,True,
0.0,B2,58,z_R_mean,0.005371041599567099,True,
0.0,B2,58,travel_eff,0.7661746442010592,True,
0.0,B2,58,cot,0.8114445095415119,True,
0.0,B2,58,cog_err_rms,0.0,True,
0.0,B2,58,NF_min,58.726982584486905,True,
0.0,B2,59,slip_mean,0.3154728580010977,True,
0.0,B2,59,slip_max,1.0,True,
0.0,B2,59,anchor_back_over_stroke,0.3501469272969296,True,
0.0,B2,59,z_F_mean,0.012161671315417696,True,
0.0,B2,59,z_R_mean,0.010603110286915065,True,
0.0,B2,59,travel_eff,0.7738538261145226,True,
0.0,B2,59,cot,1.0991277987781225,True,
0.0,B2,59,cog_err_rms,0.0,True,
0.0,B2,59,NF_min,58.831857586002585,True,
0.0,B3,40,slip_mean,0.25616064967910296,True,
0.0,B3,40,slip_max,1.0,True,
0.0,B3,40,anchor_back_over_stroke,0.17092551088758248,True,
0.0,B3,40,z_F_mean,0.018241474228592524,True,
0.0,B3,40,z_R_mean,0.018186543498802974,True,
0.0,B3,40,travel_eff,0.8654126785075174,True,
0.0,B3,40,cot,1.005247305348431,True,
0.0,B3,40,cog_err_rms,0.021347339694757404,True,
0.0,B3,40,NF_min,56.468396428930916,True,
0.0,B3,41,slip_mean,0.2500432625344956,True,
0.0,B3,41,slip_max,1.0,True,
0.0,B3,41,anchor_back_over_stroke,0.12282474393426283,True,
0.0,B3,41,z_F_mean,0.01763679641261467,True,
0.0,B3,41,z_R_mean,0.017513322807766865,True,
0.0,B3,41,travel_eff,0.8729041554287379,True,
0.0,B3,41,cot,1.3208806825716586,True,
0.0,B3,41,cog_err_rms,0.02104127076920227,True,
0.0,B3,41,NF_min,56.512374225061684,True,
0.0,B3,42,slip_mean,0.2879223513264151,True,
0.0,B3,42,slip_max,1.0,True,
0.0,B3,42,anchor_back_over_stroke,0.23004315158276833,True,
0.0,B3,42,z_F_mean,0.01192876796748171,True,
0.0,B3,42,z_R_mean,0.011857485153592978,True,
0.0,B3,42,travel_eff,0.816231282495987,True,
0.0,B3,42,cot,1.2684619390937841,True,
0.0,B3,42,cog_err_rms,0.020816426564293333,True,
0.0,B3,42,NF_min,56.41930145678114,True,
0.0,B3,43,slip_mean,0.30306612374643915,True,
0.0,B3,43,slip_max,1.0,True,
0.0,B3,43,anchor_back_over_stroke,0.3141828021271645,True,
0.0,B3,43,z_F_mean,0.005476552749146388,True,
0.0,B3,43,z_R_mean,0.005464097581151665,True,
0.0,B3,43,travel_eff,0.7879264778687236,True,
0.0,B3,43,cot,1.0389582677313078,True,
0.0,B3,43,cog_err_rms,0.021083559247552223,True,
0.0,B3,43,NF_min,56.03253160486277,True,
0.0,B3,44,slip_mean,0.2869239983268813,True,
0.0,B3,44,slip_max,1.0,True,
0.0,B3,44,anchor_back_over_stroke,0.29314530971613784,True,
0.0,B3,44,z_F_mean,0.015529864379567335,True,
0.0,B3,44,z_R_mean,0.015457690752062483,True,
0.0,B3,44,travel_eff,0.8067936891508057,True,
0.0,B3,44,cot,1.0470146841241252,True,
0.0,B3,44,cog_err_rms,0.021250348579952984,True,
0.0,B3,44,NF_min,56.448729347580326,True,
0.0,B3,45,slip_mean,0.2842913665730831,True,
0.0,B3,45,slip_max,1.0,True,
0.0,B3,45,anchor_back_over_stroke,0.2612090184907091,True,
0.0,B3,45,z_F_mean,0.009878054286164197,True,
0.0,B3,45,z_R_mean,0.009837218918446229,True,
0.0,B3,45,travel_eff,0.818431471656899,True,
0.0,B3,45,cot,0.9574877539634666,True,
0.0,B3,45,cog_err_rms,0.02125767098305558,True,
0.0,B3,45,NF_min,56.45121539923049,True,
0.0,B3,46,slip_mean,0.296165078464425,True,
0.0,B3,46,slip_max,1.0,True,
0.0,B3,46,anchor_back_over_stroke,0.2969979306700126,True,
0.0,B3,46,z_F_mean,0.007968618822443502,True,
0.0,B3,46,z_R_mean,0.00794004728845706,True,
0.0,B3,46,travel_eff,0.7962458453830998,True,
0.0,B3,46,cot,1.0811654358341536,True,
0.0,B3,46,cog_err_rms,0.021065605493660208,True,
0.0,B3,46,NF_min,56.06007881320666,True,
0.0,B3,47,slip_mean,0.29771696604735526,True,
0.0,B3,47,slip_max,1.0,True,
0.0,B3,47,anchor_back_over_stroke,0.3082321064982897,True,
0.0,B3,47,z_F_mean,0.00527107681676286,True,
0.0,B3,47,z_R_mean,0.005253791720048033,True,
0.0,B3,47,travel_eff,0.7951635214895136,True,
0.0,B3,47,cot,0.9542513270153444,True,
0.0,B3,47,cog_err_rms,0.02119110099217071,True,
0.0,B3,47,NF_min,56.273309781125995,True,
0.0,B3,48,slip_mean,0.3163795604389114,True,
0.0,B3,48,slip_max,1.0,True,
0.0,B3,48,anchor_back_over_stroke,0.3955084824087813,True,
0.0,B3,48,z_F_mean,0.007940220272648381,True,
0.0,B3,48,z_R_mean,0.007916810634901175,True,
0.0,B3,48,travel_eff,0.7580457985919075,True,
0.0,B3,48,cot,0.8855487393447806,True,
0.0,B3,48,cog_err_rms,0.021419725594153845,True,
0.0,B3,48,NF_min,56.402229380829446,True,
0.0,B3,49,slip_mean,0.29918656431398455,True,
0.0,B3,49,slip_max,1.0,True,
0.0,B3,49,anchor_back_over_stroke,0.3598423709433924,True,
0.0,B3,49,z_F_mean,0.00909871385846691,True,
0.0,B3,49,z_R_mean,0.009063238216775312,True,
0.0,B3,49,travel_eff,0.7801406650384215,True,
0.0,B3,49,cot,0.93224630875825,True,
0.0,B3,49,cog_err_rms,0.021354815108687,True,
0.0,B3,49,NF_min,56.42088024602442,True,
0.0,B3,50,slip_mean,0.3255448564915659,True,
0.0,B3,50,slip_max,1.0,True,
0.0,B3,50,anchor_back_over_stroke,0.48634511988817053,True,
0.0,B3,50,z_F_mean,0.007240882837525924,True,
0.0,B3,50,z_R_mean,0.007221276044945045,True,
0.0,B3,50,travel_eff,0.730492891746964,True,
0.0,B3,50,cot,0.743723256843168,True,
0.0,B3,50,cog_err_rms,0.02165437868250895,True,
0.0,B3,50,NF_min,56.36747791992704,True,
0.0,B3,51,slip_mean,0.2708998697635737,True,
0.0,B3,51,slip_max,1.0,True,
0.0,B3,51,anchor_back_over_stroke,0.2235291505204279,True,
0.0,B3,51,z_F_mean,0.008881385473407524,True,
0.0,B3,51,z_R_mean,0.008842786562863662,True,
0.0,B3,51,travel_eff,0.8338289984238872,True,
0.0,B3,51,cot,1.0603314453839927,True,
0.0,B3,51,cog_err_rms,0.021117139322933156,True,
0.0,B3,51,NF_min,56.47634012147615,True,
0.0,B3,52,slip_mean,0.30273927357971675,True,
0.0,B3,52,slip_max,1.0,True,
0.0,B3,52,anchor_back_over_stroke,0.13808971869104045,True,
0.0,B3,52,z_F_mean,0.021119271722914532,True,
0.0,B3,52,z_R_mean,0.02106430241189049,True,
0.0,B3,52,travel_eff,0.83965412357605,True,
0.0,B3,52,cot,1.360203750933038,True,
0.0,B3,52,cog_err_rms,0.02076225892954137,True,
0.0,B3,52,NF_min,56.53545866225946,True,
0.0,B3,53,slip_mean,0.3212946091606954,True,
0.0,B3,53,slip_max,1.0,True,
0.0,B3,53,anchor_back_over_stroke,0.36514304290143706,True,
0.0,B3,53,z_F_mean,0.01299302273012705,True,
0.0,B3,53,z_R_mean,0.012966298519332602,True,
0.0,B3,53,travel_eff,0.7631277697347638,True,
0.0,B3,53,cot,1.1411100645489671,True,
0.0,B3,53,cog_err_rms,0.02107750267212015,True,
0.0,B3,53,NF_min,55.748467924108475,True,
0.0,B3,54,slip_mean,0.3294019444236434,True,
0.0,B3,54,slip_max,1.0,True,
0.0,B3,54,anchor_back_over_stroke,0.3926628106496333,True,
0.0,B3,54,z_F_mean,0.00735214367742747,True,
0.0,B3,54,z_R_mean,0.007328402328068848,True,
0.0,B3,54,travel_eff,0.7600372188775675,True,
0.0,B3,54,cot,0.8692337675696621,True,
0.0,B3,54,cog_err_rms,0.021405307773980406,True,
0.0,B3,54,NF_min,56.393584465683006,True,
0.0,B3,55,slip_mean,0.2847959672215511,True,
0.0,B3,55,slip_max,1.0,True,
0.0,B3,55,anchor_back_over_stroke,0.29463770041039056,True,
0.0,B3,55,z_F_mean,0.010877545589175098,True,
0.0,B3,55,z_R_mean,0.010843013949903951,True,
0.0,B3,55,travel_eff,0.807786832303138,True,
0.0,B3,55,cot,0.9920546051160847,True,
0.0,B3,55,cog_err_rms,0.021275134160285113,True,
0.0,B3,55,NF_min,56.44809513715947,True,
0.0,B3,56,slip_mean,0.30373289829955674,True,
0.0,B3,56,slip_max,1.0,True,
0.0,B3,56,anchor_back_over_stroke,0.2988448946287783,True,
0.0,B3,56,z_F_mean,0.016153654454152004,True,
0.0,B3,56,z_R_mean,0.016111040778996236,True,
0.0,B3,56,travel_eff,0.7953999788918045,True,
0.0,B3,56,cot,1.130058004347378,True,
0.0,B3,56,cog_err_rms,0.021112631954559244,True,
0.0,B3,56,NF_min,56.150237156670734,True,
0.0,B3,57,slip_mean,0.30800440917832317,True,
0.0,B3,57,slip_max,1.0,True,
0.0,B3,57,anchor_back_over_stroke,0.24899412036368446,True,
0.0,B3,57,z_F_mean,0.011826684793467592,True,
0.0,B3,57,z_R_mean,0.011795407090702035,True,
0.0,B3,57,travel_eff,0.8064499686058909,True,
0.0,B3,57,cot,1.1578434978705308,True,
0.0,B3,57,cog_err_rms,0.020933757105485118,True,
0.0,B3,57,NF_min,56.11839095946121,True,
0.0,B3,58,slip_mean,0.31520335075006833,True,
0.0,B3,58,slip_max,1.0,True,
0.0,B3,58,anchor_back_over_stroke,0.39898901457661906,True,
0.0,B3,58,z_F_mean,0.005829399740375284,True,
0.0,B3,58,z_R_mean,0.005811107862650824,True,
0.0,B3,58,travel_eff,0.7614054155126386,True,
0.0,B3,58,cot,0.7931752262151968,True,
0.0,B3,58,cog_err_rms,0.021514479974458336,True,
0.0,B3,58,NF_min,56.38275040774166,True,
0.0,B3,59,slip_mean,0.3218560080913079,True,
0.0,B3,59,slip_max,1.0,True,
0.0,B3,59,anchor_back_over_stroke,0.3516221827622083,True,
0.0,B3,59,z_F_mean,0.011418278625192345,True,
0.0,B3,59,z_R_mean,0.011390164023211892,True,
0.0,B3,59,travel_eff,0.7696682217657904,True,
0.0,B3,59,cot,1.0773310673025258,True,
0.0,B3,59,cog_err_rms,0.021118788248888132,True,
0.0,B3,59,NF_min,55.887240317519904,True,
0.0,A,40,slip_mean,0.24977586635260543,True,
0.0,A,40,slip_max,1.0,True,
0.0,A,40,anchor_back_over_stroke,0.1711905488017434,True,
0.0,A,40,z_F_mean,0.021132252786153643,True,
0.0,A,40,z_R_mean,0.01491584929103905,True,
0.0,A,40,travel_eff,0.8740282280871146,True,
0.0,A,40,cot,1.0068066719900322,True,
0.0,A,40,cog_err_rms,0.0028264466244643637,True,
0.0,A,40,NF_min,66.82758374933232,True,
0.0,A,41,slip_mean,0.21336617515062228,True,
0.0,A,41,slip_max,0.982380116108414,True,
0.0,A,41,anchor_back_over_stroke,0.12705991446651108,True,
0.0,A,41,z_F_mean,0.020242527678824493,True,
0.0,A,41,z_R_mean,0.014379098709156355,True,
0.0,A,41,travel_eff,0.8758346083586229,True,
0.0,A,41,cot,1.2777810803669714,True,
0.0,A,41,cog_err_rms,0.0028264466244643637,True,
0.0,A,41,NF_min,66.90126733839166,True,
0.0,A,42,slip_mean,0.27264948243710835,True,
0.0,A,42,slip_max,1.0,True,
0.0,A,42,anchor_back_over_stroke,0.22715690602672353,True,
0.0,A,42,z_F_mean,0.013780731168661138,True,
0.0,A,42,z_R_mean,0.009689726466439492,True,
0.0,A,42,travel_eff,0.8255373736372821,True,
0.0,A,42,cot,1.2666098787338844,True,
0.0,A,42,cog_err_rms,0.0028264466244643637,True,
0.0,A,42,NF_min,67.0600389308801,True,
0.0,A,43,slip_mean,0.29398648569555164,True,
0.0,A,43,slip_max,1.0,True,
0.0,A,43,anchor_back_over_stroke,0.3108465153480259,True,
0.0,A,43,z_F_mean,0.006473312343754407,True,
0.0,A,43,z_R_mean,0.004347532672799766,True,
0.0,A,43,travel_eff,0.7959534598803485,True,
0.0,A,43,cot,1.047124805779541,True,
0.0,A,43,cog_err_rms,0.0028264466244643637,True,
0.0,A,43,NF_min,67.04962971648895,True,
0.0,A,44,slip_mean,0.27949789964344,True,
0.0,A,44,slip_max,1.0,True,
0.0,A,44,anchor_back_over_stroke,0.28914241265455093,True,
0.0,A,44,z_F_mean,0.018061104096201448,True,
0.0,A,44,z_R_mean,0.012575229404621652,True,
0.0,A,44,travel_eff,0.8149729529784955,True,
0.0,A,44,cot,1.053139180358774,True,
0.0,A,44,cog_err_rms,0.0028264466244643637,True,
0.0,A,44,NF_min,66.92784281396541,True,
0.0,A,45,slip_mean,0.2780419072578286,True,
0.0,A,45,slip_max,1.0,True,
0.0,A,45,anchor_back_over_stroke,0.26121497698818774,True,
0.0,A,45,z_F_mean,0.011721094170531944,True,
0.0,A,45,z_R_mean,0.007795562619995644,True,
0.0,A,45,travel_eff,0.8271095803198387,True,
0.0,A,45,cot,0.9602861775527273,True,
0.0,A,45,cog_err_rms,0.0028264466244643637,True,
0.0,A,45,NF_min,66.96943912211282,True,
0.0,A,46,slip_mean,0.2909975195917793,True,
0.0,A,46,slip_max,1.0,True,
0.0,A,46,anchor_back_over_stroke,0.2937495441964625,True,
0.0,A,46,z_F_mean,0.009323946420048626,True,
0.0,A,46,z_R_mean,0.006415578215344323,True,
0.0,A,46,travel_eff,0.8010631670626819,True,
0.0,A,46,cot,1.103339808229279,True,
0.0,A,46,cog_err_rms,0.0028264466244643637,True,
0.0,A,46,NF_min,67.01796168808147,True,
0.0,A,47,slip_mean,0.28589188916348435,True,
0.0,A,47,slip_max,1.0,True,
0.0,A,47,anchor_back_over_stroke,0.30309173158648206,True,
0.0,A,47,z_F_mean,0.006228125952433339,True,
0.0,A,47,z_R_mean,0.004185562288485185,True,
0.0,A,47,travel_eff,0.8051606744448239,True,
0.0,A,47,cot,0.9594862850468715,True,
0.0,A,47,cog_err_rms,0.0028264466244643637,True,
0.0,A,47,NF_min,67.00901078848864,True,
0.0,A,48,slip_mean,0.3068161717974918,True,
0.0,A,48,slip_max,1.0,True,
0.0,A,48,anchor_back_over_stroke,0.4050069961501004,True,
0.0,A,48,z_F_mean,0.00945462933728173,True,
0.0,A,48,z_R_mean,0.006256454520137107,True,
0.0,A,48,travel_eff,0.7692253651578663,True,
0.0,A,48,cot,0.8934906153381809,True,
0.0,A,48,cog_err_rms,0.0028264466244643637,True,
0.0,A,48,NF_min,67.00197330601064,True,
0.0,A,49,slip_mean,0.2911871263706346,True,
0.0,A,49,slip_max,1.0,True,
0.0,A,49,anchor_back_over_stroke,0.35480307376447084,True,
0.0,A,49,z_F_mean,0.01074195846733027,True,
0.0,A,49,z_R_mean,0.007231140981498167,True,
0.0,A,49,travel_eff,0.7879243809357276,True,
0.0,A,49,cot,0.9394087758564587,True,
0.0,A,49,cog_err_rms,0.0028264466244643637,True,
0.0,A,49,NF_min,66.91045381966948,True,
0.0,A,50,slip_mean,0.3147923474504501,True,
0.0,A,50,slip_max,1.0,True,
0.0,A,50,anchor_back_over_stroke,0.4926638162476162,True,
0.0,A,50,z_F_mean,0.008654567574114355,True,
0.0,A,50,z_R_mean,0.005658712687150278,True,
0.0,A,50,travel_eff,0.7397897820089357,True,
0.0,A,50,cot,0.7540345986670405,True,
0.0,A,50,cog_err_rms,0.0028264466244643637,True,
0.0,A,50,NF_min,66.94187785426833,True,
0.0,A,51,slip_mean,0.26398793497804535,True,
0.0,A,51,slip_max,1.0,True,
0.0,A,51,anchor_back_over_stroke,0.21862235366039492,True,
0.0,A,51,z_F_mean,0.010383418595207847,True,
0.0,A,51,z_R_mean,0.007157588667735546,True,
0.0,A,51,travel_eff,0.8418936362379184,True,
0.0,A,51,cot,1.068838869788479,True,
0.0,A,51,cog_err_rms,0.0028264466244643637,True,
0.0,A,51,NF_min,66.94069137705144,True,
0.0,A,52,slip_mean,0.2920769353376709,True,
0.0,A,52,slip_max,1.0,True,
0.0,A,52,anchor_back_over_stroke,0.14248300045191808,True,
0.0,A,52,z_F_mean,0.024494238790774517,True,
0.0,A,52,z_R_mean,0.01725218494564379,True,
0.0,A,52,travel_eff,0.844107159540345,True,
0.0,A,52,cot,1.3656851229617852,True,
0.0,A,52,cog_err_rms,0.0028264466244643637,True,
0.0,A,52,NF_min,66.8221908559596,True,
0.0,A,53,slip_mean,0.31398559859451874,True,
0.0,A,53,slip_max,1.0,True,
0.0,A,53,anchor_back_over_stroke,0.3636860416618784,True,
0.0,A,53,z_F_mean,0.015153622683546916,True,
0.0,A,53,z_R_mean,0.010492208060514286,True,
0.0,A,53,travel_eff,0.769385749287712,True,
0.0,A,53,cot,1.1521756615590895,True,
0.0,A,53,cog_err_rms,0.0028264466244643637,True,
0.0,A,53,NF_min,67.09258671707467,True,
0.0,A,54,slip_mean,0.3224549635628758,True,
0.0,A,54,slip_max,1.0,True,
0.0,A,54,anchor_back_over_stroke,0.40180741581524176,True,
0.0,A,54,z_F_mean,0.008759797804667483,True,
0.0,A,54,z_R_mean,0.005786846603238158,True,
0.0,A,54,travel_eff,0.7672023249161477,True,
0.0,A,54,cot,0.8838606059079792,True,
0.0,A,54,cog_err_rms,0.0028264466244643637,True,
0.0,A,54,NF_min,67.08466009962282,True,
0.0,A,55,slip_mean,0.2802367659768372,True,
0.0,A,55,slip_max,1.0,True,
0.0,A,55,anchor_back_over_stroke,0.28950970330625586,True,
0.0,A,55,z_F_mean,0.012691994295612071,True,
0.0,A,55,z_R_mean,0.008778602159851219,True,
0.0,A,55,travel_eff,0.8134052859170045,True,
0.0,A,55,cot,1.0029518708795306,True,
0.0,A,55,cog_err_rms,0.0028264466244643637,True,
0.0,A,55,NF_min,66.92188177970604,True,
0.0,A,56,slip_mean,0.2953830373047114,True,
0.0,A,56,slip_max,1.0,True,
0.0,A,56,anchor_back_over_stroke,0.2974114430842085,True,
0.0,A,56,z_F_mean,0.01878152480886659,True,
0.0,A,56,z_R_mean,0.013091697511873033,True,
0.0,A,56,travel_eff,0.802578046489169,True,
0.0,A,56,cot,1.1407141320193575,True,
0.0,A,56,cog_err_rms,0.0028264466244643637,True,
0.0,A,56,NF_min,67.04682422203904,True,
0.0,A,57,slip_mean,0.29831615124432664,True,
0.0,A,57,slip_max,1.0,True,
0.0,A,57,anchor_back_over_stroke,0.24820380200515432,True,
0.0,A,57,z_F_mean,0.013772622831865632,True,
0.0,A,57,z_R_mean,0.009567749565941622,True,
0.0,A,57,travel_eff,0.8159692633660471,True,
0.0,A,57,cot,1.165298005657037,True,
0.0,A,57,cog_err_rms,0.0028264466244643637,True,
0.0,A,57,NF_min,67.10629412828419,True,
0.0,A,58,slip_mean,0.30341700202333033,True,
0.0,A,58,slip_max,1.0,True,
0.0,A,58,anchor_back_over_stroke,0.40989358754363525,True,
0.0,A,58,z_F_mean,0.0070237465891927415,True,
0.0,A,58,z_R_mean,0.004529604016326056,True,
0.0,A,58,travel_eff,0.7722023195363992,True,
0.0,A,58,cot,0.8016514923892827,True,
0.0,A,58,cog_err_rms,0.0028264466244643637,True,
0.0,A,58,NF_min,66.99712878828952,True,
0.0,A,59,slip_mean,0.31190181263594025,True,
0.0,A,59,slip_max,1.0,True,
0.0,A,59,anchor_back_over_stroke,0.35103276139745093,True,
0.0,A,59,z_F_mean,0.01344363572812239,True,
0.0,A,59,z_R_mean,0.009098169906149178,True,
0.0,A,59,travel_eff,0.778913449910431,True,
0.0,A,59,cot,1.0894320188680726,True,
0.0,A,59,cog_err_rms,0.0028264466244643637,True,
0.0,A,59,NF_min,67.11554264931323,True,
0.0,C,40,slip_mean,0.25236751020488746,True,
0.0,C,40,slip_max,1.0,True,
0.0,C,40,anchor_back_over_stroke,0.18025309681205232,True,
0.0,C,40,z_F_mean,0.01844340973664774,True,
0.0,C,40,z_R_mean,0.017940758667766135,True,
0.0,C,40,travel_eff,0.8735375311131015,True,
0.0,C,40,cot,0.9828069545717246,True,
0.0,C,40,cog_err_rms,0.08697242853527094,True,
0.0,C,40,NF_min,45.221422626988634,True,
0.0,C,41,slip_mean,0.24087525851777988,True,
0.0,C,41,slip_max,1.0,True,
0.0,C,41,anchor_back_over_stroke,0.13452299045835442,True,
0.0,C,41,z_F_mean,0.017841937337001554,True,
0.0,C,41,z_R_mean,0.017148231838584178,True,
0.0,C,41,travel_eff,0.8717969341725609,True,
0.0,C,41,cot,1.2948079356149373,True,
0.0,C,41,cog_err_rms,0.0813257091893441,True,
0.0,C,41,NF_min,46.05102283419978,True,
0.0,C,42,slip_mean,0.2779338603050639,True,
0.0,C,42,slip_max,1.0,True,
0.0,C,42,anchor_back_over_stroke,0.23571034130020363,True,
0.0,C,42,z_F_mean,0.012106298520536162,True,
0.0,C,42,z_R_mean,0.011566467947992858,True,
0.0,C,42,travel_eff,0.8258689268866106,True,
0.0,C,42,cot,1.2324071935605299,True,
0.0,C,42,cog_err_rms,0.081623316400554,True,
0.0,C,42,NF_min,46.672330623797855,True,
0.0,C,43,slip_mean,0.2913765909049577,True,
0.0,C,43,slip_max,1.0,True,
0.0,C,43,anchor_back_over_stroke,0.30951194158830414,True,
0.0,C,43,z_F_mean,0.005575054274077656,True,
0.0,C,43,z_R_mean,0.005335317778604593,True,
0.0,C,43,travel_eff,0.8062591814337725,True,
0.0,C,43,cot,1.001910358736359,True,
0.0,C,43,cog_err_rms,0.08717973812367615,True,
0.0,C,43,NF_min,45.90359382080847,True,
0.0,C,44,slip_mean,0.2840684919017867,True,
0.0,C,44,slip_max,1.0,True,
0.0,C,44,anchor_back_over_stroke,0.2966764370880598,True,
0.0,C,44,z_F_mean,0.01574315751154435,True,
0.0,C,44,z_R_mean,0.01515332542437313,True,
0.0,C,44,travel_eff,0.8172336869585676,True,
0.0,C,44,cot,1.0220086626590612,True,
0.0,C,44,cog_err_rms,0.08127176614398508,True,
0.0,C,44,NF_min,46.12380865705869,True,
0.0,C,45,slip_mean,0.27885720850323625,True,
0.0,C,45,slip_max,1.0,True,
0.0,C,45,anchor_back_over_stroke,0.263230399862113,True,
0.0,C,45,z_F_mean,0.01001761626319276,True,
0.0,C,45,z_R_mean,0.009651515776154765,True,
0.0,C,45,travel_eff,0.8333632036709021,True,
0.0,C,45,cot,0.9309819147762435,True,
0.0,C,45,cog_err_rms,0.09075861492927956,True,
0.0,C,45,NF_min,45.23309221659794,True,
0.0,C,46,slip_mean,0.2911856704125743,True,
0.0,C,46,slip_max,1.0,True,
0.0,C,46,anchor_back_over_stroke,0.29780053867262957,True,
0.0,C,46,z_F_mean,0.00810217603394164,True,
0.0,C,46,z_R_mean,0.007760683416479829,True,
0.0,C,46,travel_eff,0.8083542650554394,True,
0.0,C,46,cot,1.053373520823744,True,
0.0,C,46,cog_err_rms,0.08463967681659122,True,
0.0,C,46,NF_min,46.07487284339094,True,
0.0,C,47,slip_mean,0.28554842372186484,True,
0.0,C,47,slip_max,1.0,True,
0.0,C,47,anchor_back_over_stroke,0.3018300345003231,True,
0.0,C,47,z_F_mean,0.00534751826453803,True,
0.0,C,47,z_R_mean,0.00513958051627748,True,
0.0,C,47,travel_eff,0.8141223113179918,True,
0.0,C,47,cot,0.9251385038834561,True,
0.0,C,47,cog_err_rms,0.09022373900149343,True,
0.0,C,47,NF_min,45.4884982242748,True,
0.0,C,48,slip_mean,0.3060649231945,True,
0.0,C,48,slip_max,1.0,True,
0.0,C,48,anchor_back_over_stroke,0.3767888119677648,True,
0.0,C,48,z_F_mean,0.008051983339260054,True,
0.0,C,48,z_R_mean,0.007760825869811088,True,
0.0,C,48,travel_eff,0.7878103045993742,True,
0.0,C,48,cot,0.8438050767056497,True,
0.0,C,48,cog_err_rms,0.08813467386994049,True,
0.0,C,48,NF_min,45.45968426735968,True,
0.0,C,49,slip_mean,0.289558509998382,True,
0.0,C,49,slip_max,1.0,True,
0.0,C,49,anchor_back_over_stroke,0.35211927344695537,True,
0.0,C,49,z_F_mean,0.009224892229124494,True,
0.0,C,49,z_R_mean,0.008875598864651802,True,
0.0,C,49,travel_eff,0.7988915166642572,True,
0.0,C,49,cot,0.9035463725290667,True,
0.0,C,49,cog_err_rms,0.08440726381691012,True,
0.0,C,49,NF_min,45.845275554911666,True,
0.0,C,50,slip_mean,0.31175552713021526,True,
0.0,C,50,slip_max,1.0,True,
0.0,C,50,anchor_back_over_stroke,0.4528200838395462,True,
0.0,C,50,z_F_mean,0.007341617703860645,True,
0.0,C,50,z_R_mean,0.007086329671740024,True,
0.0,C,50,travel_eff,0.7632982100090087,True,
0.0,C,50,cot,0.7109621556632546,True,
0.0,C,50,cog_err_rms,0.07822686965649873,True,
0.0,C,50,NF_min,46.28963318136069,True,
0.0,C,51,slip_mean,0.26957221446353313,True,
0.0,C,51,slip_max,1.0,True,
0.0,C,51,anchor_back_over_stroke,0.2305882521633766,True,
0.0,C,51,z_F_mean,0.009017228916402048,True,
0.0,C,51,z_R_mean,0.008665422037243001,True,
0.0,C,51,travel_eff,0.8399143037103514,True,
0.0,C,51,cot,1.0418343888092252,True,
0.0,C,51,cog_err_rms,0.08604201301667683,True,
0.0,C,51,NF_min,45.41623008193048,True,
0.0,C,52,slip_mean,0.29306079069744445,True,
0.0,C,52,slip_max,1.0,True,
0.0,C,52,anchor_back_over_stroke,0.14336101180510438,True,
0.0,C,52,z_F_mean,0.021554771588853574,True,
0.0,C,52,z_R_mean,0.020580885751533922,True,
0.0,C,52,travel_eff,0.8507301144002404,True,
0.0,C,52,cot,1.3138229606321672,True,
0.0,C,52,cog_err_rms,0.07977290255966946,True,
0.0,C,52,NF_min,47.006735605425455,True,
0.0,C,53,slip_mean,0.3107204150376343,True,
0.0,C,53,slip_max,1.0,True,
0.0,C,53,anchor_back_over_stroke,0.35862024379639545,True,
0.0,C,53,z_F_mean,0.013218132999461733,True,
0.0,C,53,z_R_mean,0.012669166583339851,True,
0.0,C,53,travel_eff,0.782291673998716,True,
0.0,C,53,cot,1.102094923850269,True,
0.0,C,53,cog_err_rms,0.08562925044370687,True,
0.0,C,53,NF_min,46.193217862440804,True,
0.0,C,54,slip_mean,0.31597925843393454,True,
0.0,C,54,slip_max,1.0,True,
0.0,C,54,anchor_back_over_stroke,0.3669732410095904,True,
0.0,C,54,z_F_mean,0.007448856381731917,True,
0.0,C,54,z_R_mean,0.007190789126207843,True,
0.0,C,54,travel_eff,0.7909017305108199,True,
0.0,C,54,cot,0.830610241033578,True,
0.0,C,54,cog_err_rms,0.09088937706888542,True,
0.0,C,54,NF_min,45.57037066622893,True,
0.0,C,55,slip_mean,0.28050174065260625,True,
0.0,C,55,slip_max,1.0,True,
0.0,C,55,anchor_back_over_stroke,0.29616279313825594,True,
0.0,C,55,z_F_mean,0.011033504254396365,True,
0.0,C,55,z_R_mean,0.010622103096901881,True,
0.0,C,55,travel_eff,0.8198511074888734,True,
0.0,C,55,cot,0.9652199568429767,True,
0.0,C,55,cog_err_rms,0.08225286526926806,True,
0.0,C,55,NF_min,46.02288052230929,True,
0.0,C,56,slip_mean,0.2959519169954397,True,
0.0,C,56,slip_max,1.0,True,
0.0,C,56,anchor_back_over_stroke,0.29964964603085814,True,
0.0,C,56,z_F_mean,0.016408194592802364,True,
0.0,C,56,z_R_mean,0.015759627856082016,True,
0.0,C,56,travel_eff,0.809742070640185,True,
0.0,C,56,cot,1.0938763037017436,True,
0.0,C,56,cog_err_rms,0.08430860503438636,True,
0.0,C,56,NF_min,46.1614387990784,True,
0.0,C,57,slip_mean,0.2992323585621179,True,
0.0,C,57,slip_max,1.0,True,
0.0,C,57,anchor_back_over_stroke,0.2509149324178971,True,
0.0,C,57,z_F_mean,0.012026424235277397,True,
0.0,C,57,z_R_mean,0.011530211002411285,True,
0.0,C,57,travel_eff,0.8210314818225033,True,
0.0,C,57,cot,1.1183421319566609,True,
0.0,C,57,cog_err_rms,0.08693024842002396,True,
0.0,C,57,NF_min,46.11155893794034,True,
0.0,C,58,slip_mean,0.3031578460201234,True,
0.0,C,58,slip_max,1.0,True,
0.0,C,58,anchor_back_over_stroke,0.3763074434174148,True,
0.0,C,58,z_F_mean,0.005909546484496305,True,
0.0,C,58,z_R_mean,0.005702203558807589,True,
0.0,C,58,travel_eff,0.7925688059508759,True,
0.0,C,58,cot,0.756206953350618,True,
0.0,C,58,cog_err_rms,0.08452750678635931,True,
0.0,C,58,NF_min,45.7880166378301,True,
0.0,C,59,slip_mean,0.30581990120287106,True,
0.0,C,59,slip_max,1.0,True,
0.0,C,59,anchor_back_over_stroke,0.3377571611613847,True,
0.0,C,59,z_F_mean,0.01161206147172559,True,
0.0,C,59,z_R_mean,0.0111353944692456,True,
0.0,C,59,travel_eff,0.7951252446351282,True,
0.0,C,59,cot,1.0263767339652785,True,
0.0,C,59,cog_err_rms,0.09068161064479531,True,
0.0,C,59,NF_min,45.70739590584327,True,
10.0,B1,40,slip_mean,0.4243800542787828,True,
10.0,B1,40,slip_max,0.42500998218237407,True,
10.0,B1,40,anchor_back_over_stroke,0.0,True,
10.0,B1,40,z_F_mean,0.01687093472647624,True,
10.0,B1,40,z_R_mean,0.020764820441935804,True,
10.0,B1,40,travel_eff,0.6771152688053822,True,
10.0,B1,40,cot,1.097765425160267,True,
10.0,B1,40,cog_err_rms,0.0,True,
10.0,B1,40,NF_min,47.40981083346254,True,
10.0,B1,41,slip_mean,0.34830210605746303,True,
10.0,B1,41,slip_max,0.34945718237989654,True,
10.0,B1,41,anchor_back_over_stroke,0.0,True,
10.0,B1,41,z_F_mean,0.016068011762734116,True,
10.0,B1,41,z_R_mean,0.019750744935548507,True,
10.0,B1,41,travel_eff,0.7666074682487621,True,
10.0,B1,41,cot,1.3244792786617083,True,
10.0,B1,41,cog_err_rms,0.0,True,
10.0,B1,41,NF_min,47.41796710421966,True,
10.0,B1,42,slip_mean,0.44865589954641977,True,
10.0,B1,42,slip_max,0.44936329090273147,True,
10.0,B1,42,anchor_back_over_stroke,0.0,True,
10.0,B1,42,z_F_mean,0.01133436134335062,True,
10.0,B1,42,z_R_mean,0.014000013178667487,True,
10.0,B1,42,travel_eff,0.6485592441664999,True,
10.0,B1,42,cot,1.3481382846207488,True,
10.0,B1,42,cog_err_rms,0.0,True,
10.0,B1,42,NF_min,47.40998362671616,True,
10.0,B1,43,slip_mean,0.5199730955465417,True,
10.0,B1,43,slip_max,0.5199730955465484,True,
10.0,B1,43,anchor_back_over_stroke,0.0,True,
10.0,B1,43,z_F_mean,0.004945745309392429,True,
10.0,B1,43,z_R_mean,0.006277927310451843,True,
10.0,B1,43,travel_eff,0.5646669424603091,True,
10.0,B1,43,cot,1.2146683384916,True,
10.0,B1,43,cog_err_rms,0.0,True,
10.0,B1,43,NF_min,47.41681020185786,True,
10.0,B1,44,slip_mean,0.5001593106456163,True,
10.0,B1,44,slip_max,0.5024170452385313,True,
10.0,B1,44,anchor_back_over_stroke,0.0,True,
10.0,B1,44,z_F_mean,0.015021203704478011,True,
10.0,B1,44,z_R_mean,0.018635858619275365,True,
10.0,B1,44,travel_eff,0.5879743941817673,True,
10.0,B1,44,cot,1.2402247360019645,True,
10.0,B1,44,cog_err_rms,0.0,True,
10.0,B1,44,NF_min,47.40628534693303,True,
10.0,B1,45,slip_mean,0.5265922662615824,True,
10.0,B1,45,slip_max,0.5284030476228219,True,
10.0,B1,45,anchor_back_over_stroke,0.0,True,
10.0,B1,45,z_F_mean,0.009131644055053378,True,
10.0,B1,45,z_R_mean,0.011657195264955915,True,
10.0,B1,45,travel_eff,0.556880656201402,True,
10.0,B1,45,cot,1.1539362534237845,True,
10.0,B1,45,cog_err_rms,0.0,True,
10.0,B1,45,NF_min,47.413593903197544,True,
10.0,B1,46,slip_mean,0.49962223700372527,True,
10.0,B1,46,slip_max,0.5001279685589594,True,
10.0,B1,46,anchor_back_over_stroke,0.0,True,
10.0,B1,46,z_F_mean,0.007579057522643853,True,
10.0,B1,46,z_R_mean,0.009476249082861108,True,
10.0,B1,46,travel_eff,0.5886060555398669,True,
10.0,B1,46,cot,1.233944509501527,True,
10.0,B1,46,cog_err_rms,0.0,True,
10.0,B1,46,NF_min,47.410261673780816,True,
10.0,B1,47,slip_mean,0.5407112060493039,True,
10.0,B1,47,slip_max,0.5407112060493042,True,
10.0,B1,47,anchor_back_over_stroke,0.0,True,
10.0,B1,47,z_F_mean,0.005014951557709023,True,
10.0,B1,47,z_R_mean,0.006357976179393181,True,
10.0,B1,47,travel_eff,0.5402722151197563,True,
10.0,B1,47,cot,1.1748204600102699,True,
10.0,B1,47,cog_err_rms,0.0,True,
10.0,B1,47,NF_min,47.412439187367056,True,
10.0,B1,48,slip_mean,0.7498744203769102,True,
10.0,B1,48,slip_max,0.7504450439109319,True,
10.0,B1,48,anchor_back_over_stroke,0.0,True,
10.0,B1,48,z_F_mean,0.00819921319040172,True,
10.0,B1,48,z_R_mean,0.01047940614190905,True,
10.0,B1,48,travel_eff,0.29422861439564163,True,
10.0,B1,48,cot,2.024441108791149,True,
10.0,B1,48,cog_err_rms,0.0,True,
10.0,B1,48,NF_min,47.408583487172194,True,
10.0,B1,49,slip_mean,0.5657291882505051,True,
10.0,B1,49,slip_max,0.5657291882505219,True,
10.0,B1,49,anchor_back_over_stroke,0.0,True,
10.0,B1,49,z_F_mean,0.008875152985163262,True,
10.0,B1,49,z_R_mean,0.011234043495652914,True,
10.0,B1,49,travel_eff,0.5108429739991688,True,
10.0,B1,49,cot,1.2436477840684246,True,
10.0,B1,49,cog_err_rms,0.0,True,
10.0,B1,49,NF_min,47.41103803165996,True,
10.0,B1,50,slip_mean,0.8762921039191215,True,
10.0,B1,50,slip_max,0.8762921039191212,True,
10.0,B1,50,anchor_back_over_stroke,0.0,True,
10.0,B1,50,z_F_mean,0.006671010417352046,True,
10.0,B1,50,z_R_mean,0.00858734892020616,True,
10.0,B1,50,travel_eff,0.14552050893436352,True,
10.0,B1,50,cot,3.4689536672003944,True,
10.0,B1,50,cog_err_rms,0.0,True,
10.0,B1,50,NF_min,47.409670770140906,True,
10.0,B1,51,slip_mean,0.4294600206733121,True,
10.0,B1,51,slip_max,0.4321723749317199,True,
10.0,B1,51,anchor_back_over_stroke,0.0,True,
10.0,B1,51,z_F_mean,0.008226898042569618,True,
10.0,B1,51,z_R_mean,0.010260042521897713,True,
10.0,B1,51,travel_eff,0.6711395974605515,True,
10.0,B1,51,cot,1.0991392516560694,True,
10.0,B1,51,cog_err_rms,0.0,True,
10.0,B1,51,NF_min,47.42073685331693,True,
10.0,B1,52,slip_mean,0.483825624575415,True,
10.0,B1,52,slip_max,0.4838256245754164,True,
10.0,B1,52,anchor_back_over_stroke,0.0,True,
10.0,B1,52,z_F_mean,0.018951675340421175,True,
10.0,B1,52,z_R_mean,0.023423080963105573,True,
10.0,B1,52,travel_eff,0.6071880630903581,True,
10.0,B1,52,cot,1.523930863758035,True,
10.0,B1,52,cog_err_rms,0.0,True,
10.0,B1,52,NF_min,47.4079931532359,True,
10.0,B1,53,slip_mean,0.5758133574199403,True,
10.0,B1,53,slip_max,0.5758133574199409,True,
10.0,B1,53,anchor_back_over_stroke,0.0,True,
10.0,B1,53,z_F_mean,0.011610514683934568,True,
10.0,B1,53,z_R_mean,0.014471892473409083,True,
10.0,B1,53,travel_eff,0.4989807285297733,True,
10.0,B1,53,cot,1.4651620109811039,True,
10.0,B1,53,cog_err_rms,0.0,True,
10.0,B1,53,NF_min,47.40692328749765,True,
10.0,B1,54,slip_mean,0.8422453367167309,True,
10.0,B1,54,slip_max,0.8422453367167306,True,
10.0,B1,54,anchor_back_over_stroke,0.0,True,
10.0,B1,54,z_F_mean,0.007826517853523757,True,
10.0,B1,54,z_R_mean,0.010040602214395464,True,
10.0,B1,54,travel_eff,0.18557052229449902,True,
10.0,B1,54,cot,3.2558708755320134,True,
10.0,B1,54,cog_err_rms,0.0,True,
10.0,B1,54,NF_min,47.40191302393563,True,
10.0,B1,55,slip_mean,0.4994186440164582,True,
10.0,B1,55,slip_max,0.49988878109630785,True,
10.0,B1,55,anchor_back_over_stroke,0.0,True,
10.0,B1,55,z_F_mean,0.010124813825232871,True,
10.0,B1,55,z_R_mean,0.012620462405717923,True,
10.0,B1,55,travel_eff,0.588845660332286,True,
10.0,B1,55,cot,1.150808734008752,True,
10.0,B1,55,cog_err_rms,0.0,True,
10.0,B1,55,NF_min,47.41272859422429,True,
10.0,B1,56,slip_mean,0.5396484193053971,True,
10.0,B1,56,slip_max,0.5396484193053982,True,
10.0,B1,56,anchor_back_over_stroke,0.0,True,
10.0,B1,56,z_F_mean,0.014669163231481644,True,
10.0,B1,56,z_R_mean,0.018209944935397005,True,
10.0,B1,56,travel_eff,0.5415223961723595,True,
10.0,B1,56,cot,1.3828617010258286,True,
10.0,B1,56,cog_err_rms,0.0,True,
10.0,B1,56,NF_min,47.410080183280215,True,
10.0,B1,57,slip_mean,0.5334931853171037,True,
10.0,B1,57,slip_max,0.5334931853171098,True,
10.0,B1,57,anchor_back_over_stroke,0.0,True,
10.0,B1,57,z_F_mean,0.010486600978488478,True,
10.0,B1,57,z_R_mean,0.013041943568725197,True,
10.0,B1,57,travel_eff,0.5487629427407906,True,
10.0,B1,57,cot,1.3609600772202177,True,
10.0,B1,57,cog_err_rms,0.0,True,
10.0,B1,57,NF_min,47.41195774667223,True,
10.0,B1,58,slip_mean,0.7839594954242421,True,
10.0,B1,58,slip_max,0.7839594954242665,True,
10.0,B1,58,anchor_back_over_stroke,0.0,True,
10.0,B1,58,z_F_mean,0.006359619315673074,True,
10.0,B1,58,z_R_mean,0.008263245484320735,True,
10.0,B1,58,travel_eff,0.25413352883823576,True,
10.0,B1,58,cot,2.1947968624012053,True,
10.0,B1,58,cog_err_rms,0.0,True,
10.0,B1,58,NF_min,47.4095075833352,True,
10.0,B1,59,slip_mean,0.6246194405729624,True,
10.0,B1,59,slip_max,0.624847928455563,True,
10.0,B1,59,anchor_back_over_stroke,0.0,True,
10.0,B1,59,z_F_mean,0.010219460964478472,True,
10.0,B1,59,z_R_mean,0.01290271496983058,True,
10.0,B1,59,travel_eff,0.4415689470749417,True,
10.0,B1,59,cot,1.5614672462319092,True,
10.0,B1,59,cog_err_rms,0.0,True,
10.0,B1,59,NF_min,47.411352974659366,True,
10.0,B2,40,slip_mean,0.30329975713368024,True,
10.0,B2,40,slip_max,1.0,True,
10.0,B2,40,anchor_back_over_stroke,0.24165941761030682,True,
10.0,B2,40,z_F_mean,0.017112820650964543,True,
10.0,B2,40,z_R_mean,0.01922164520928033,True,
10.0,B2,40,travel_eff,0.7690087192457655,True,
10.0,B2,40,cot,1.4210635047115108,True,
10.0,B2,40,cog_err_rms,0.0,True,
10.0,B2,40,NF_min,43.78160483288066,True,
10.0,B2,41,slip_mean,0.2950482833907928,True,
10.0,B2,41,slip_max,1.0,True,
10.0,B2,41,anchor_back_over_stroke,0.16299833593454968,True,
10.0,B2,41,z_F_mean,0.016516152689025232,True,
10.0,B2,41,z_R_mean,0.018426943041249602,True,
10.0,B2,41,travel_eff,0.8145200947485016,True,
10.0,B2,41,cot,1.6023914309430531,True,
10.0,B2,41,cog_err_rms,0.0,True,
10.0,B2,41,NF_min,46.65407822464125,True,
10.0,B2,42,slip_mean,0.3443264819867911,True,
10.0,B2,42,slip_max,1.0,True,
10.0,B2,42,anchor_back_over_stroke,0.29004836207906026,True,
10.0,B2,42,z_F_mean,0.011198083029416106,True,
10.0,B2,42,z_R_mean,0.012607660269483907,True,
10.0,B2,42,travel_eff,0.7292779148148048,True,
10.0,B2,42,cot,1.6727324120992944,True,
10.0,B2,42,cog_err_rms,0.0,True,
10.0,B2,42,NF_min,46.33845345587347,True,
10.0,B2,43,slip_mean,0.39246472067450816,True,
10.0,B2,43,slip_max,1.0,True,
10.0,B2,43,anchor_back_over_stroke,0.4481887543220842,True,
10.0,B2,43,z_F_mean,0.005077664591372573,True,
10.0,B2,43,z_R_mean,0.005808117576105849,True,
10.0,B2,43,travel_eff,0.6746628206813661,True,
10.0,B2,43,cot,1.4744363223078876,True,
10.0,B2,43,cog_err_rms,0.0,True,
10.0,B2,43,NF_min,47.403170257472674,True,
10.0,B2,44,slip_mean,0.35330325171562793,True,
10.0,B2,44,slip_max,1.0,True,
10.0,B2,44,anchor_back_over_stroke,0.4072382189090298,True,
10.0,B2,44,z_F_mean,0.014587166513058327,True,
10.0,B2,44,z_R_mean,0.01653776220057253,True,
10.0,B2,44,travel_eff,0.6788722748469627,True,
10.0,B2,44,cot,1.5549571485728206,True,
10.0,B2,44,cog_err_rms,0.0,True,
10.0,B2,44,NF_min,44.86446587226065,True,
10.0,B2,45,slip_mean,0.33309694885127183,True,
10.0,B2,45,slip_max,1.0,True,
10.0,B2,45,anchor_back_over_stroke,0.3651984801497167,True,
10.0,B2,45,z_F_mean,0.009139139976110787,True,
10.0,B2,45,z_R_mean,0.010498918668622147,True,
10.0,B2,45,travel_eff,0.6952873311013216,True,
10.0,B2,45,cot,1.4530555676909571,True,
10.0,B2,45,cog_err_rms,0.0,True,
10.0,B2,45,NF_min,43.77073876267346,True,
10.0,B2,46,slip_mean,0.3679664381052194,True,
10.0,B2,46,slip_max,1.0,True,
10.0,B2,46,anchor_back_over_stroke,0.3930292803518199,True,
10.0,B2,46,z_F_mean,0.007453036241413731,True,
10.0,B2,46,z_R_mean,0.008488622752238108,True,
10.0,B2,46,travel_eff,0.6828033722181899,True,
10.0,B2,46,cot,1.5371387919986994,True,
10.0,B2,46,cog_err_rms,0.0,True,
10.0,B2,46,NF_min,46.31331492490537,True,
10.0,B2,47,slip_mean,0.3628491696596673,True,
10.0,B2,47,slip_max,1.0,True,
10.0,B2,47,anchor_back_over_stroke,0.4176929617553554,True,
10.0,B2,47,z_F_mean,0.004905888211817703,True,
10.0,B2,47,z_R_mean,0.005625649196503945,True,
10.0,B2,47,travel_eff,0.6705556733984165,True,
10.0,B2,47,cot,1.4303123194158207,True,
10.0,B2,47,cog_err_rms,0.0,True,
10.0,B2,47,NF_min,45.63083644299172,True,
10.0,B2,48,slip_mean,0.36956429845096594,True,
10.0,B2,48,slip_max,1.0,True,
10.0,B2,48,anchor_back_over_stroke,0.6075043107751297,True,
10.0,B2,48,z_F_mean,0.007385240212245187,True,
10.0,B2,48,z_R_mean,0.008504823976304919,True,
10.0,B2,48,travel_eff,0.5743086869200159,True,
10.0,B2,48,cot,1.5836287806740972,True,
10.0,B2,48,cog_err_rms,0.0,True,
10.0,B2,48,NF_min,43.551494302740004,True,
10.0,B2,49,slip_mean,0.3754043448031914,True,
10.0,B2,49,slip_max,1.0,True,
10.0,B2,49,anchor_back_over_stroke,0.5207985720653138,True,
10.0,B2,49,z_F_mean,0.008507117473785877,True,
10.0,B2,49,z_R_mean,0.009758809872655337,True,
10.0,B2,49,travel_eff,0.62608320521127,True,
10.0,B2,49,cot,1.4882617740062847,True,
10.0,B2,49,cog_err_rms,0.0,True,
10.0,B2,49,NF_min,45.38465191673107,True,
10.0,B2,50,slip_mean,0.4481405735938729,True,
10.0,B2,50,slip_max,1.0,True,
10.0,B2,50,anchor_back_over_stroke,0.9039836370221561,True,
10.0,B2,50,z_F_mean,0.006680074235122084,True,
10.0,B2,50,z_R_mean,0.007709843665008261,True,
10.0,B2,50,travel_eff,0.47008633764760066,True,
10.0,B2,50,cot,1.5856555442747564,True,
10.0,B2,50,cog_err_rms,0.0,True,
10.0,B2,50,NF_min,46.7924810916069,True,
10.0,B2,51,slip_mean,0.33606462124388975,True,
10.0,B2,51,slip_max,1.0,True,
10.0,B2,51,anchor_back_over_stroke,0.2940558431253964,True,
10.0,B2,51,z_F_mean,0.008298893772787105,True,
10.0,B2,51,z_R_mean,0.009419958720321208,True,
10.0,B2,51,travel_eff,0.7383754237583627,True,
10.0,B2,51,cot,1.4445643655402822,True,
10.0,B2,51,cog_err_rms,0.0,True,
10.0,B2,51,NF_min,46.03356006585449,True,
10.0,B2,52,slip_mean,0.31433679394715525,True,
10.0,B2,52,slip_max,1.0,True,
10.0,B2,52,anchor_back_over_stroke,0.16463537705060408,True,
10.0,B2,52,z_F_mean,0.019700654947689914,True,
10.0,B2,52,z_R_mean,0.022136387742834805,True,
10.0,B2,52,travel_eff,0.7684340008422127,True,
10.0,B2,52,cot,1.804814422077646,True,
10.0,B2,52,cog_err_rms,0.0,True,
10.0,B2,52,NF_min,43.16986647412354,True,
10.0,B2,53,slip_mean,0.4147318769144721,True,
10.0,B2,53,slip_max,1.0,True,
10.0,B2,53,anchor_back_over_stroke,0.5275989126152866,True,
10.0,B2,53,z_F_mean,0.012073509536626599,True,
10.0,B2,53,z_R_mean,0.013669525834929195,True,
10.0,B2,53,travel_eff,0.6361684327997225,True,
10.0,B2,53,cot,1.6605528248740857,True,
10.0,B2,53,cog_err_rms,0.0,True,
10.0,B2,53,NF_min,47.39132256876744,True,
10.0,B2,54,slip_mean,0.39646666625947447,True,
10.0,B2,54,slip_max,1.0,True,
10.0,B2,54,anchor_back_over_stroke,0.6156551893534723,True,
10.0,B2,54,z_F_mean,0.006865513009635056,True,
10.0,B2,54,z_R_mean,0.007903608274575325,True,
10.0,B2,54,travel_eff,0.5893917090176481,True,
10.0,B2,54,cot,1.5131780673988953,True,
10.0,B2,54,cog_err_rms,0.0,True,
10.0,B2,54,NF_min,45.57200844708214,True,
10.0,B2,55,slip_mean,0.3564196358741556,True,
10.0,B2,55,slip_max,1.0,True,
10.0,B2,55,anchor_back_over_stroke,0.41187630195639663,True,
10.0,B2,55,z_F_mean,0.0101500454276635,True,
10.0,B2,55,z_R_mean,0.01151584910345039,True,
10.0,B2,55,travel_eff,0.6798649418078677,True,
10.0,B2,55,cot,1.4686177107915785,True,
10.0,B2,55,cog_err_rms,0.0,True,
10.0,B2,55,NF_min,45.3417519445005,True,
10.0,B2,56,slip_mean,0.3819074139958907,True,
10.0,B2,56,slip_max,1.0,True,
10.0,B2,56,anchor_back_over_stroke,0.4236417513713342,True,
10.0,B2,56,z_F_mean,0.015054070162699516,True,
10.0,B2,56,z_R_mean,0.017006142085383834,True,
10.0,B2,56,travel_eff,0.6775788586063825,True,
10.0,B2,56,cot,1.621535278751438,True,
10.0,B2,56,cog_err_rms,0.0,True,
10.0,B2,56,NF_min,46.1674658397175,True,
10.0,B2,57,slip_mean,0.36781808259836546,True,
10.0,B2,57,slip_max,1.0,True,
10.0,B2,57,anchor_back_over_stroke,0.33892120472489856,True,
10.0,B2,57,z_F_mean,0.010989191045650671,True,
10.0,B2,57,z_R_mean,0.012419721790364303,True,
10.0,B2,57,travel_eff,0.7084471011962081,True,
10.0,B2,57,cot,1.6132745844155698,True,
10.0,B2,57,cog_err_rms,0.0,True,
10.0,B2,57,NF_min,45.83928151155235,True,
10.0,B2,58,slip_mean,0.3703530108276188,True,
10.0,B2,58,slip_max,1.0,True,
10.0,B2,58,anchor_back_over_stroke,0.6383637675416509,True,
10.0,B2,58,z_F_mean,0.005431668938906112,True,
10.0,B2,58,z_R_mean,0.006312881738967642,True,
10.0,B2,58,travel_eff,0.5659290385242617,True,
10.0,B2,58,cot,1.4889706620985692,True,
10.0,B2,58,cog_err_rms,0.0,True,
10.0,B2,58,NF_min,43.70760487596647,True,
10.0,B2,59,slip_mean,0.40253804738569793,True,
10.0,B2,59,slip_max,1.0,True,
10.0,B2,59,anchor_back_over_stroke,0.5076935042469921,True,
10.0,B2,59,z_F_mean,0.010573829216315776,True,
10.0,B2,59,z_R_mean,0.012059662123311648,True,
10.0,B2,59,travel_eff,0.6402085548622864,True,
10.0,B2,59,cot,1.608579723766428,True,
10.0,B2,59,cog_err_rms,0.0,True,
10.0,B2,59,NF_min,46.730843774547516,True,
10.0,B3,40,slip_mean,0.3075353022433421,True,
10.0,B3,40,slip_max,1.0,True,
10.0,B3,40,anchor_back_over_stroke,0.24555690417670048,True,
10.0,B3,40,z_F_mean,0.01816062423791095,True,
10.0,B3,40,z_R_mean,0.018178248247383403,True,
10.0,B3,40,travel_eff,0.7659980765495922,True,
10.0,B3,40,cot,1.5102297206389437,True,
10.0,B3,40,cog_err_rms,0.02077819234253999,True,
10.0,B3,40,NF_min,52.80405448500846,True,
10.0,B3,41,slip_mean,0.31056945171739625,True,
10.0,B3,41,slip_max,0.9979409296172919,True,
10.0,B3,41,anchor_back_over_stroke,0.1676477986659152,True,
10.0,B3,41,z_F_mean,0.01757343792573339,True,
10.0,B3,41,z_R_mean,0.017512466435170303,True,
10.0,B3,41,travel_eff,0.8119961087840956,True,
10.0,B3,41,cot,1.713691368133085,True,
10.0,B3,41,cog_err_rms,0.02022922492189002,True,
10.0,B3,41,NF_min,55.68750251288291,True,
10.0,B3,42,slip_mean,0.3508473117641494,True,
10.0,B3,42,slip_max,1.0,True,
10.0,B3,42,anchor_back_over_stroke,0.2940711595770795,True,
10.0,B3,42,z_F_mean,0.011920172939369084,True,
10.0,B3,42,z_R_mean,0.011934741276481023,True,
10.0,B3,42,travel_eff,0.7272229410341249,True,
10.0,B3,42,cot,1.76579051803426,True,
10.0,B3,42,cog_err_rms,0.020168241636487155,True,
10.0,B3,42,NF_min,55.254697854363734,True,
10.0,B3,43,slip_mean,0.39362415687535857,True,
10.0,B3,43,slip_max,1.0,True,
10.0,B3,43,anchor_back_over_stroke,0.44954868502287415,True,
10.0,B3,43,z_F_mean,0.005449199275487161,True,
10.0,B3,43,z_R_mean,0.005448266278711014,True,
10.0,B3,43,travel_eff,0.6738617242058671,True,
10.0,B3,43,cot,1.570379004498856,True,
10.0,B3,43,cog_err_rms,0.020279773273854496,True,
10.0,B3,43,NF_min,55.634571444002255,True,
10.0,B3,44,slip_mean,0.3495029316150237,True,
10.0,B3,44,slip_max,1.0,True,
10.0,B3,44,anchor_back_over_stroke,0.40701103855376686,True,
10.0,B3,44,z_F_mean,0.015569425532157392,True,
10.0,B3,44,z_R_mean,0.015576740518096713,True,
10.0,B3,44,travel_eff,0.6832127550187317,True,
10.0,B3,44,cot,1.6345143574386953,True,
10.0,B3,44,cog_err_rms,0.020604411640666356,True,
10.0,B3,44,NF_min,54.04321562688444,True,
10.0,B3,45,slip_mean,0.3317952525810962,True,
10.0,B3,45,slip_max,1.0,True,
10.0,B3,45,anchor_back_over_stroke,0.36597677673552853,True,
10.0,B3,45,z_F_mean,0.009831299857672695,True,
10.0,B3,45,z_R_mean,0.009822328958875422,True,
10.0,B3,45,travel_eff,0.6987698992387684,True,
10.0,B3,45,cot,1.5345591430972552,True,
10.0,B3,45,cog_err_rms,0.020711290375766196,True,
10.0,B3,45,NF_min,52.802783630146834,True,
10.0,B3,46,slip_mean,0.36445186717485445,True,
10.0,B3,46,slip_max,1.0,True,
10.0,B3,46,anchor_back_over_stroke,0.39694105709418603,True,
10.0,B3,46,z_F_mean,0.00796527184533449,True,
10.0,B3,46,z_R_mean,0.00797961964883782,True,
10.0,B3,46,travel_eff,0.6842297988436431,True,
10.0,B3,46,cot,1.6303418936342986,True,
10.0,B3,46,cog_err_rms,0.020389613121590953,True,
10.0,B3,46,NF_min,55.11495434253666,True,
10.0,B3,47,slip_mean,0.36161579358210844,True,
10.0,B3,47,slip_max,1.0,True,
10.0,B3,47,anchor_back_over_stroke,0.4217969143009014,True,
10.0,B3,47,z_F_mean,0.005265594376513428,True,
10.0,B3,47,z_R_mean,0.005267702358839455,True,
10.0,B3,47,travel_eff,0.6712280837187632,True,
10.0,B3,47,cot,1.5287725271562684,True,
10.0,B3,47,cog_err_rms,0.02054284086531899,True,
10.0,B3,47,NF_min,54.309635881878755,True,
10.0,B3,48,slip_mean,0.36758043585548156,True,
10.0,B3,48,slip_max,1.0,True,
10.0,B3,48,anchor_back_over_stroke,0.605254870781753,True,
10.0,B3,48,z_F_mean,0.00795430298832513,True,
10.0,B3,48,z_R_mean,0.007929030655328299,True,
10.0,B3,48,travel_eff,0.5812467196731788,True,
10.0,B3,48,cot,1.6676596717531673,True,
10.0,B3,48,cog_err_rms,0.020862296676339768,True,
10.0,B3,48,NF_min,52.46974697590853,True,
10.0,B3,49,slip_mean,0.3739775150832958,True,
10.0,B3,49,slip_max,1.0,True,
10.0,B3,49,anchor_back_over_stroke,0.5245536176003838,True,
10.0,B3,49,z_F_mean,0.009127337078367192,True,
10.0,B3,49,z_R_mean,0.009135225435997672,True,
10.0,B3,49,travel_eff,0.6280270155831493,True,
10.0,B3,49,cot,1.5888428040838962,True,
10.0,B3,49,cog_err_rms,0.020659799759041697,True,
10.0,B3,49,NF_min,54.3095634679467,True,
10.0,B3,50,slip_mean,0.44354952195726915,True,
10.0,B3,50,slip_max,1.0,True,
10.0,B3,50,anchor_back_over_stroke,0.8702778470414175,True,
10.0,B3,50,z_F_mean,0.0071992843984093995,True,
10.0,B3,50,z_R_mean,0.0071967776834463825,True,
10.0,B3,50,travel_eff,0.4855381286172153,True,
10.0,B3,50,cot,1.6784408701331115,True,
10.0,B3,50,cog_err_rms,0.020818124566216397,True,
10.0,B3,50,NF_min,55.49640331025216,True,
10.0,B3,51,slip_mean,0.33514986272451086,True,
10.0,B3,51,slip_max,1.0,True,
10.0,B3,51,anchor_back_over_stroke,0.298382491865271,True,
10.0,B3,51,z_F_mean,0.008865757642594868,True,
10.0,B3,51,z_R_mean,0.008869559613220973,True,
10.0,B3,51,travel_eff,0.7386674730668747,True,
10.0,B3,51,cot,1.5343127697807253,True,
10.0,B3,51,cog_err_rms,0.020433587757852575,True,
10.0,B3,51,NF_min,54.911403358283664,True,
10.0,B3,52,slip_mean,0.3175007308273235,True,
10.0,B3,52,slip_max,1.0,True,
10.0,B3,52,anchor_back_over_stroke,0.16877417780635934,True,
10.0,B3,52,z_F_mean,0.020945863524193212,True,
10.0,B3,52,z_R_mean,0.020924960210799738,True,
10.0,B3,52,travel_eff,0.7668745100549936,True,
10.0,B3,52,cot,1.8760541654009113,True,
10.0,B3,52,cog_err_rms,0.02043650679232369,True,
10.0,B3,52,NF_min,51.95070265778971,True,
10.0,B3,53,slip_mean,0.41493165222046774,True,
10.0,B3,53,slip_max,1.0,True,
10.0,B3,53,anchor_back_over_stroke,0.5277455169618311,True,
10.0,B3,53,z_F_mean,0.012893288431292081,True,
10.0,B3,53,z_R_mean,0.012887642363550474,True,
10.0,B3,53,travel_eff,0.6364231272628079,True,
10.0,B3,53,cot,1.7543221284252009,True,
10.0,B3,53,cog_err_rms,0.020270350922171578,True,
10.0,B3,53,NF_min,55.62171446317612,True,
10.0,B3,54,slip_mean,0.398048102482582,True,
10.0,B3,54,slip_max,1.0,True,
10.0,B3,54,anchor_back_over_stroke,0.611460540908367,True,
10.0,B3,54,z_F_mean,0.007384635669346125,True,
10.0,B3,54,z_R_mean,0.007368626800708076,True,
10.0,B3,54,travel_eff,0.5934468693356156,True,
10.0,B3,54,cot,1.5963612130574736,True,
10.0,B3,54,cog_err_rms,0.020726868912554073,True,
10.0,B3,54,NF_min,54.9130965670483,True,
10.0,B3,55,slip_mean,0.3500609883954093,True,
10.0,B3,55,slip_max,1.0,True,
10.0,B3,55,anchor_back_over_stroke,0.4118438189180781,True,
10.0,B3,55,z_F_mean,0.010845503023769095,True,
10.0,B3,55,z_R_mean,0.010844354242550983,True,
10.0,B3,55,travel_eff,0.6828181889163586,True,
10.0,B3,55,cot,1.559974969360015,True,
10.0,B3,55,cog_err_rms,0.02061141275730862,True,
10.0,B3,55,NF_min,54.17482672017626,True,
10.0,B3,56,slip_mean,0.37891186748585415,True,
10.0,B3,56,slip_max,1.0,True,
10.0,B3,56,anchor_back_over_stroke,0.42247886622238223,True,
10.0,B3,56,z_F_mean,0.01606586147490916,True,
10.0,B3,56,z_R_mean,0.0160446422968589,True,
10.0,B3,56,travel_eff,0.6808995490100371,True,
10.0,B3,56,cot,1.6992516438212797,True,
10.0,B3,56,cog_err_rms,0.020414615916087838,True,
10.0,B3,56,NF_min,55.382214697963654,True,
10.0,B3,57,slip_mean,0.36753910777350474,True,
10.0,B3,57,slip_max,1.0,True,
10.0,B3,57,anchor_back_over_stroke,0.3400415348091792,True,
10.0,B3,57,z_F_mean,0.011730947776821387,True,
10.0,B3,57,z_R_mean,0.011716412845788235,True,
10.0,B3,57,travel_eff,0.7094487056557903,True,
10.0,B3,57,cot,1.691584252122446,True,
10.0,B3,57,cog_err_rms,0.020338596640522198,True,
10.0,B3,57,NF_min,54.96266708558927,True,
10.0,B3,58,slip_mean,0.3692747019938605,True,
10.0,B3,58,slip_max,1.0,True,
10.0,B3,58,anchor_back_over_stroke,0.6338558013996495,True,
10.0,B3,58,z_F_mean,0.005874635756577794,True,
10.0,B3,58,z_R_mean,0.005851893744476165,True,
10.0,B3,58,travel_eff,0.5726476443429444,True,
10.0,B3,58,cot,1.576783073728676,True,
10.0,B3,58,cog_err_rms,0.020931484733195324,True,
10.0,B3,58,NF_min,52.64244490054248,True,
10.0,B3,59,slip_mean,0.4012937401265287,True,
10.0,B3,59,slip_max,1.0,True,
10.0,B3,59,anchor_back_over_stroke,0.5072122641473035,True,
10.0,B3,59,z_F_mean,0.011338470285215237,True,
10.0,B3,59,z_R_mean,0.011325457817549296,True,
10.0,B3,59,travel_eff,0.6419261622140086,True,
10.0,B3,59,cot,1.6948776378002532,True,
10.0,B3,59,cog_err_rms,0.020395573488841665,True,
10.0,B3,59,NF_min,55.60577296343188,True,
10.0,A,40,slip_mean,0.3052597857753551,True,
10.0,A,40,slip_max,1.0,True,
10.0,A,40,anchor_back_over_stroke,0.24988474323203683,True,
10.0,A,40,z_F_mean,0.014973830954390897,True,
10.0,A,40,z_R_mean,0.021024585104521723,True,
10.0,A,40,travel_eff,0.7687812760568619,True,
10.0,A,40,cot,1.404091601534149,True,
10.0,A,40,cog_err_rms,0.002826446624459524,True,
10.0,A,40,NF_min,34.654816810786556,True,
10.0,A,41,slip_mean,0.28125279942502207,True,
10.0,A,41,slip_max,1.0,True,
10.0,A,41,anchor_back_over_stroke,0.16270278992246295,True,
10.0,A,41,z_F_mean,0.014454929751341942,True,
10.0,A,41,z_R_mean,0.020061357343331684,True,
10.0,A,41,travel_eff,0.8117618260790892,True,
10.0,A,41,cot,1.578609949208298,True,
10.0,A,41,cog_err_rms,0.002826446624459524,True,
10.0,A,41,NF_min,36.1100261746955,True,
10.0,A,42,slip_mean,0.3334835635609263,True,
10.0,A,42,slip_max,1.0,True,
10.0,A,42,anchor_back_over_stroke,0.29172432116032554,True,
10.0,A,42,z_F_mean,0.009769573807611492,True,
10.0,A,42,z_R_mean,0.013731219410337062,True,
10.0,A,42,travel_eff,0.7267892116135555,True,
10.0,A,42,cot,1.6593179492916392,True,
10.0,A,42,cog_err_rms,0.002826446624459524,True,
10.0,A,42,NF_min,36.44479615741525,True,
10.0,A,43,slip_mean,0.380410205965928,True,
10.0,A,43,slip_max,1.0,True,
10.0,A,43,anchor_back_over_stroke,0.4524590152106937,True,
10.0,A,43,z_F_mean,0.0043583570160264425,True,
10.0,A,43,z_R_mean,0.006426191222085294,True,
10.0,A,43,travel_eff,0.6749679679782822,True,
10.0,A,43,cot,1.455595654623922,True,
10.0,A,43,cog_err_rms,0.002826446624459524,True,
10.0,A,43,NF_min,37.68709406300109,True,
10.0,A,44,slip_mean,0.35416809287155293,True,
10.0,A,44,slip_max,1.0,True,
10.0,A,44,anchor_back_over_stroke,0.4162791662198278,True,
10.0,A,44,z_F_mean,0.012695566457544098,True,
10.0,A,44,z_R_mean,0.01817915806060362,True,
10.0,A,44,travel_eff,0.6798130635954447,True,
10.0,A,44,cot,1.5279034612655653,True,
10.0,A,44,cog_err_rms,0.002826446624459524,True,
10.0,A,44,NF_min,35.91738600754862,True,
10.0,A,45,slip_mean,0.3424048021263078,True,
10.0,A,45,slip_max,1.0,True,
10.0,A,45,anchor_back_over_stroke,0.40279139013316495,True,
10.0,A,45,z_F_mean,0.007805261748411305,True,
10.0,A,45,z_R_mean,0.011682308936202658,True,
10.0,A,45,travel_eff,0.6884695416963799,True,
10.0,A,45,cot,1.4326565096553492,True,
10.0,A,45,cog_err_rms,0.002826446624459524,True,
10.0,A,45,NF_min,34.89564311107468,True,
10.0,A,46,slip_mean,0.3638839568354501,True,
10.0,A,46,slip_max,1.0,True,
10.0,A,46,anchor_back_over_stroke,0.4009835389759667,True,
10.0,A,46,z_F_mean,0.0064547096407544975,True,
10.0,A,46,z_R_mean,0.009338927243320045,True,
10.0,A,46,travel_eff,0.6848679683307654,True,
10.0,A,46,cot,1.5086162861129455,True,
10.0,A,46,cog_err_rms,0.002826446624459524,True,
10.0,A,46,NF_min,37.518661214377566,True,
10.0,A,47,slip_mean,0.35631763717177667,True,
10.0,A,47,slip_max,1.0,True,
10.0,A,47,anchor_back_over_stroke,0.41683572341807007,True,
10.0,A,47,z_F_mean,0.005552782830632451,True,
10.0,A,47,z_R_mean,0.004972159365427339,True,
10.0,A,47,travel_eff,0.6739140475848079,True,
10.0,A,47,cot,1.4476929593732037,True,
10.0,A,47,cog_err_rms,0.0028264466244643637,True,
10.0,A,47,NF_min,52.910309618196834,True,
10.0,A,48,slip_mean,0.3632819954316174,True,
10.0,A,48,slip_max,1.0,True,
10.0,A,48,anchor_back_over_stroke,0.6030562096641463,True,
10.0,A,48,z_F_mean,0.00842426983873359,True,
10.0,A,48,z_R_mean,0.007463167066919054,True,
10.0,A,48,travel_eff,0.5815097859291578,True,
10.0,A,48,cot,1.5913056710852422,True,
10.0,A,48,cog_err_rms,0.0028264466244643637,True,
10.0,A,48,NF_min,51.17927673289384,True,
10.0,A,49,slip_mean,0.3667890297866061,True,
10.0,A,49,slip_max,1.0,True,
10.0,A,49,anchor_back_over_stroke,0.5142093149645872,True,
10.0,A,49,z_F_mean,0.009630828162468899,True,
10.0,A,49,z_R_mean,0.008627649537140403,True,
10.0,A,49,travel_eff,0.631582371899913,True,
10.0,A,49,cot,1.4997469694746792,True,
10.0,A,49,cog_err_rms,0.0028264466244643637,True,
10.0,A,49,NF_min,52.97325477392462,True,
10.0,A,50,slip_mean,0.4404120157370721,True,
10.0,A,50,slip_max,1.0,True,
10.0,A,50,anchor_back_over_stroke,0.8721037916119306,True,
10.0,A,50,z_F_mean,0.007625288968823428,True,
10.0,A,50,z_R_mean,0.006763148122205904,True,
10.0,A,50,travel_eff,0.48889315167302566,True,
10.0,A,50,cot,1.5596639571337085,True,
10.0,A,50,cog_err_rms,0.0028264466244643637,True,
10.0,A,50,NF_min,54.698228211579455,True,
10.0,A,51,slip_mean,0.3371574855130337,True,
10.0,A,51,slip_max,1.0,True,
10.0,A,51,anchor_back_over_stroke,0.3013326618394305,True,
10.0,A,51,z_F_mean,0.007198141864518525,True,
10.0,A,51,z_R_mean,0.010355906105425642,True,
10.0,A,51,travel_eff,0.7374548467058308,True,
10.0,A,51,cot,1.4253225757195158,True,
10.0,A,51,cog_err_rms,0.002826446624459524,True,
10.0,A,51,NF_min,37.08572553545796,True,
10.0,A,52,slip_mean,0.3043726772979011,True,
10.0,A,52,slip_max,1.0,True,
10.0,A,52,anchor_back_over_stroke,0.17642610547987414,True,
10.0,A,52,z_F_mean,0.017230671446762283,True,
10.0,A,52,z_R_mean,0.024165512175144212,True,
10.0,A,52,travel_eff,0.766844393258269,True,
10.0,A,52,cot,1.7843251789167933,True,
10.0,A,52,cog_err_rms,0.002826446624459524,True,
10.0,A,52,NF_min,33.89349247708704,True,
10.0,A,53,slip_mean,0.4088617313104567,True,
10.0,A,53,slip_max,1.0,True,
10.0,A,53,anchor_back_over_stroke,0.5346316605672763,True,
10.0,A,53,z_F_mean,0.010488779522276333,True,
10.0,A,53,z_R_mean,0.015023542982567254,True,
10.0,A,53,travel_eff,0.6344497630095357,True,
10.0,A,53,cot,1.6462098840195658,True,
10.0,A,53,cog_err_rms,0.002826446624459524,True,
10.0,A,53,NF_min,37.70867891652521,True,
10.0,A,54,slip_mean,0.3925792439046696,True,
10.0,A,54,slip_max,1.0,True,
10.0,A,54,anchor_back_over_stroke,0.6109670966733022,True,
10.0,A,54,z_F_mean,0.007837601023248798,True,
10.0,A,54,z_R_mean,0.006937540014810681,True,
10.0,A,54,travel_eff,0.5965296917757255,True,
10.0,A,54,cot,1.5116422323277314,True,
10.0,A,54,cog_err_rms,0.0028264466244643637,True,
10.0,A,54,NF_min,53.55973471429204,True,
10.0,A,55,slip_mean,0.356315138622037,True,
10.0,A,55,slip_max,1.0,True,
10.0,A,55,anchor_back_over_stroke,0.42067118959431093,True,
10.0,A,55,z_F_mean,0.008811353339728194,True,
10.0,A,55,z_R_mean,0.012671227794155561,True,
10.0,A,55,travel_eff,0.6829359035875897,True,
10.0,A,55,cot,1.4317492915056562,True,
10.0,A,55,cog_err_rms,0.002826446624459524,True,
10.0,A,55,NF_min,36.75381013516584,True,
10.0,A,56,slip_mean,0.38094532692747374,True,
10.0,A,56,slip_max,1.0,True,
10.0,A,56,anchor_back_over_stroke,0.4320582362355906,True,
10.0,A,56,z_F_mean,0.013106681268474439,True,
10.0,A,56,z_R_mean,0.01866959379799235,True,
10.0,A,56,travel_eff,0.6776570953280598,True,
10.0,A,56,cot,1.5974378714212374,True,
10.0,A,56,cog_err_rms,0.002826446624459524,True,
10.0,A,56,NF_min,37.14749686636234,True,
10.0,A,57,slip_mean,0.36845210609496604,True,
10.0,A,57,slip_max,1.0,True,
10.0,A,57,anchor_back_over_stroke,0.34702063176997794,True,
10.0,A,57,z_F_mean,0.009556795947983213,True,
10.0,A,57,z_R_mean,0.0136383230802862,True,
10.0,A,57,travel_eff,0.7077524528779595,True,
10.0,A,57,cot,1.5908600903382992,True,
10.0,A,57,cog_err_rms,0.002826446624459524,True,
10.0,A,57,NF_min,36.79764349355587,True,
10.0,A,58,slip_mean,0.3634644956632209,True,
10.0,A,58,slip_max,1.0,True,
10.0,A,58,anchor_back_over_stroke,0.6343470056989149,True,
10.0,A,58,z_F_mean,0.00625574403298949,True,
10.0,A,58,z_R_mean,0.005488009439274035,True,
10.0,A,58,travel_eff,0.5743310042248232,True,
10.0,A,58,cot,1.493522298293124,True,
10.0,A,58,cog_err_rms,0.0028264466244643637,True,
10.0,A,58,NF_min,51.358159480612294,True,
10.0,A,59,slip_mean,0.4028397818438753,True,
10.0,A,59,slip_max,1.0,True,
10.0,A,59,anchor_back_over_stroke,0.518494755305077,True,
10.0,A,59,z_F_mean,0.009097988456236173,True,
10.0,A,59,z_R_mean,0.013336311754109155,True,
10.0,A,59,travel_eff,0.6376655892499887,True,
10.0,A,59,cot,1.588506981464566,True,
10.0,A,59,cog_err_rms,0.002826446624459524,True,
10.0,A,59,NF_min,37.56874465736935,True,
10.0,C,40,slip_mean,0.3036198691469735,True,
10.0,C,40,slip_max,1.0,True,
10.0,C,40,anchor_back_over_stroke,0.23750008784841758,True,
10.0,C,40,z_F_mean,0.01901293464580428,True,
10.0,C,40,z_R_mean,0.017312898186704163,True,
10.0,C,40,travel_eff,0.7677319599752922,True,
10.0,C,40,cot,1.4482440122337494,True,
10.0,C,40,cog_err_rms,0.07233541804258155,True,
10.0,C,40,NF_min,52.87221706199189,True,
10.0,C,41,slip_mean,0.3000237679309116,True,
10.0,C,41,slip_max,1.0,True,
10.0,C,41,anchor_back_over_stroke,0.1644374732565702,True,
10.0,C,41,z_F_mean,0.018279403227732284,True,
10.0,C,41,z_R_mean,0.01672507183829329,True,
10.0,C,41,travel_eff,0.8149314483774637,True,
10.0,C,41,cot,1.6369313114249813,True,
10.0,C,41,cog_err_rms,0.06249344239373183,True,
10.0,C,41,NF_min,56.88934791992959,True,
10.0,C,42,slip_mean,0.3428358958514888,True,
10.0,C,42,slip_max,1.0,True,
10.0,C,42,anchor_back_over_stroke,0.28848656085596974,True,
10.0,C,42,z_F_mean,0.012454860385933976,True,
10.0,C,42,z_R_mean,0.011355153411878004,True,
10.0,C,42,travel_eff,0.7300637438339194,True,
10.0,C,42,cot,1.7049988648254144,True,
10.0,C,42,cog_err_rms,0.07250593581877769,True,
10.0,C,42,NF_min,55.282242504185255,True,
10.0,C,43,slip_mean,0.3878550382191409,True,
10.0,C,43,slip_max,1.0,True,
10.0,C,43,anchor_back_over_stroke,0.45666738262696577,True,
10.0,C,43,z_F_mean,0.005683286004982646,True,
10.0,C,43,z_R_mean,0.005205345524980521,True,
10.0,C,43,travel_eff,0.6791782195725115,True,
10.0,C,43,cot,1.5199006935566577,True,
10.0,C,43,cog_err_rms,0.05956968712471195,True,
10.0,C,43,NF_min,56.600043100981765,True,
10.0,C,44,slip_mean,0.34718556749973917,True,
10.0,C,44,slip_max,1.0,True,
10.0,C,44,anchor_back_over_stroke,0.40473555358297425,True,
10.0,C,44,z_F_mean,0.016289194717176124,True,
10.0,C,44,z_R_mean,0.014850765168032347,True,
10.0,C,44,travel_eff,0.6857404573935543,True,
10.0,C,44,cot,1.574380054700152,True,
10.0,C,44,cog_err_rms,0.06660282489333898,True,
10.0,C,44,NF_min,54.01258910752469,True,
10.0,C,45,slip_mean,0.32944870787788555,True,
10.0,C,45,slip_max,1.0,True,
10.0,C,45,anchor_back_over_stroke,0.35972592913217855,True,
10.0,C,45,z_F_mean,0.010360656143401014,True,
10.0,C,45,z_R_mean,0.00928519246267766,True,
10.0,C,45,travel_eff,0.7012785169595457,True,
10.0,C,45,cot,1.472187020311797,True,
10.0,C,45,cog_err_rms,0.06838262613562313,True,
10.0,C,45,NF_min,52.74873779543729,True,
10.0,C,46,slip_mean,0.3607096221486015,True,
10.0,C,46,slip_max,1.0,True,
10.0,C,46,anchor_back_over_stroke,0.3983769327060709,True,
10.0,C,46,z_F_mean,0.008348299692908982,True,
10.0,C,46,z_R_mean,0.007592905021744062,True,
10.0,C,46,travel_eff,0.6882012849132133,True,
10.0,C,46,cot,1.5663943950844028,True,
10.0,C,46,cog_err_rms,0.06685715205379192,True,
10.0,C,46,NF_min,55.094315853898124,True,
10.0,C,47,slip_mean,0.36029671014302334,True,
10.0,C,47,slip_max,1.0,True,
10.0,C,47,anchor_back_over_stroke,0.42891066794649796,True,
10.0,C,47,z_F_mean,0.005516938038449683,True,
10.0,C,47,z_R_mean,0.005013425096109717,True,
10.0,C,47,travel_eff,0.6750882034396963,True,
10.0,C,47,cot,1.4716844088578962,True,
10.0,C,47,cog_err_rms,0.062360781945937825,True,
10.0,C,47,NF_min,54.218932364828,True,
10.0,C,48,slip_mean,0.3661946381447211,True,
10.0,C,48,slip_max,1.0,True,
10.0,C,48,anchor_back_over_stroke,0.6062893870267018,True,
10.0,C,48,z_F_mean,0.008387496391788048,True,
10.0,C,48,z_R_mean,0.007509914535974831,True,
10.0,C,48,travel_eff,0.5840347019568894,True,
10.0,C,48,cot,1.6051120407884396,True,
10.0,C,48,cog_err_rms,0.06312635278460615,True,
10.0,C,48,NF_min,52.28988642807818,True,
10.0,C,49,slip_mean,0.3697621718697819,True,
10.0,C,49,slip_max,1.0,True,
10.0,C,49,anchor_back_over_stroke,0.5232465399469215,True,
10.0,C,49,z_F_mean,0.009557799922203448,True,
10.0,C,49,z_R_mean,0.008704153721434911,True,
10.0,C,49,travel_eff,0.6331700543239314,True,
10.0,C,49,cot,1.5245845949346335,True,
10.0,C,49,cog_err_rms,0.06438571363203392,True,
10.0,C,49,NF_min,54.28462760316143,True,
10.0,C,50,slip_mean,0.43368161335041616,True,
10.0,C,50,slip_max,1.0,True,
10.0,C,50,anchor_back_over_stroke,0.8356087869605695,True,
10.0,C,50,z_F_mean,0.007224012826930972,True,
10.0,C,50,z_R_mean,0.0071506347770097746,True,
10.0,C,50,travel_eff,0.5227478396046535,True,
10.0,C,50,cot,1.57874281129801,True,
10.0,C,50,cog_err_rms,0.0790557160333744,True,
10.0,C,50,NF_min,46.3675778330818,True,
10.0,C,51,slip_mean,0.33465894038638416,True,
10.0,C,51,slip_max,1.0,True,
10.0,C,51,anchor_back_over_stroke,0.3022756357451114,True,
10.0,C,51,z_F_mean,0.00927595993934145,True,
10.0,C,51,z_R_mean,0.008451311342455895,True,
10.0,C,51,travel_eff,0.7419979066230643,True,
10.0,C,51,cot,1.4755805911144702,True,
10.0,C,51,cog_err_rms,0.06446600391121532,True,
10.0,C,51,NF_min,54.953071902361096,True,
10.0,C,52,slip_mean,0.3140340700761881,True,
10.0,C,52,slip_max,1.0,True,
10.0,C,52,anchor_back_over_stroke,0.1608750033323632,True,
10.0,C,52,z_F_mean,0.021944583380403324,True,
10.0,C,52,z_R_mean,0.01991163623317224,True,
10.0,C,52,travel_eff,0.7716044075014614,True,
10.0,C,52,cot,1.83337752664422,True,
10.0,C,52,cog_err_rms,0.07068742245699688,True,
10.0,C,52,NF_min,52.17176848930459,True,
10.0,C,53,slip_mean,0.4110040699031072,True,
10.0,C,53,slip_max,1.0,True,
10.0,C,53,anchor_back_over_stroke,0.5336814981894458,True,
10.0,C,53,z_F_mean,0.013380382431277371,True,
10.0,C,53,z_R_mean,0.012375249085750517,True,
10.0,C,53,travel_eff,0.6415616709468134,True,
10.0,C,53,cot,1.703736312394179,True,
10.0,C,53,cog_err_rms,0.06006093530827228,True,
10.0,C,53,NF_min,55.38936441869495,True,
10.0,C,54,slip_mean,0.39257353292223507,True,
10.0,C,54,slip_max,1.0,True,
10.0,C,54,anchor_back_over_stroke,0.599148501769459,True,
10.0,C,54,z_F_mean,0.007515092016885081,True,
10.0,C,54,z_R_mean,0.007243999480281611,True,
10.0,C,54,travel_eff,0.6168754648409109,True,
10.0,C,54,cot,1.536171617038333,True,
10.0,C,54,cog_err_rms,0.07243526545424038,True,
10.0,C,54,NF_min,47.914846236059276,True,
10.0,C,55,slip_mean,0.34815497404888907,True,
10.0,C,55,slip_max,1.0,True,
10.0,C,55,anchor_back_over_stroke,0.41588516947986043,True,
10.0,C,55,z_F_mean,0.011297132515716856,True,
10.0,C,55,z_R_mean,0.010372267559976936,True,
10.0,C,55,travel_eff,0.6865298350206133,True,
10.0,C,55,cot,1.5060508185738288,True,
10.0,C,55,cog_err_rms,0.06489791557579089,True,
10.0,C,55,NF_min,54.153889275495516,True,
10.0,C,56,slip_mean,0.3803785595704126,True,
10.0,C,56,slip_max,1.0,True,
10.0,C,56,anchor_back_over_stroke,0.4365425431422197,True,
10.0,C,56,z_F_mean,0.01666980727312704,True,
10.0,C,56,z_R_mean,0.015421300451453577,True,
10.0,C,56,travel_eff,0.6846160956571317,True,
10.0,C,56,cot,1.6580105940595924,True,
10.0,C,56,cog_err_rms,0.05778419935836349,True,
10.0,C,56,NF_min,55.42938739997308,True,
10.0,C,57,slip_mean,0.3684239512424286,True,
10.0,C,57,slip_max,1.0,True,
10.0,C,57,anchor_back_over_stroke,0.35034233457707686,True,
10.0,C,57,z_F_mean,0.012160181296035527,True,
10.0,C,57,z_R_mean,0.011269475156936748,True,
10.0,C,57,travel_eff,0.7134699596931476,True,
10.0,C,57,cot,1.6517656140209458,True,
10.0,C,57,cog_err_rms,0.05839934951058796,True,
10.0,C,57,NF_min,55.01506601918334,True,
10.0,C,58,slip_mean,0.3701188280507813,True,
10.0,C,58,slip_max,1.0,True,
10.0,C,58,anchor_back_over_stroke,0.6364879798610779,True,
10.0,C,58,z_F_mean,0.0062011194422573876,True,
10.0,C,58,z_R_mean,0.005559639349403491,True,
10.0,C,58,travel_eff,0.5780840803188079,True,
10.0,C,58,cot,1.5197386994775455,True,
10.0,C,58,cog_err_rms,0.057577775519554994,True,
10.0,C,58,NF_min,52.51596112329426,True,
10.0,C,59,slip_mean,0.39646848759347186,True,
10.0,C,59,slip_max,1.0,True,
10.0,C,59,anchor_back_over_stroke,0.5084736635915541,True,
10.0,C,59,z_F_mean,0.011525179704541215,True,
10.0,C,59,z_R_mean,0.01111238271110348,True,
10.0,C,59,travel_eff,0.65806366774313,True,
10.0,C,59,cot,1.6445553032365072,True,
10.0,C,59,cog_err_rms,0.0697964494448648,True,
10.0,C,59,NF_min,48.15147780088418,True,
20.0,B1,40,slip_mean,nan,False,slide_back
20.0,B1,40,slip_max,nan,False,slide_back
20.0,B1,40,anchor_back_over_stroke,nan,False,slide_back
20.0,B1,40,z_F_mean,nan,False,slide_back
20.0,B1,40,z_R_mean,nan,False,slide_back
20.0,B1,40,travel_eff,nan,False,slide_back
20.0,B1,40,cot,inf,False,slide_back
20.0,B1,40,cog_err_rms,nan,False,slide_back
20.0,B1,40,NF_min,nan,False,slide_back
20.0,B1,41,slip_mean,0.3688176023225611,True,
20.0,B1,41,slip_max,0.3738809939840603,True,
20.0,B1,41,anchor_back_over_stroke,0.0,True,
20.0,B1,41,z_F_mean,0.013592693283156283,True,
20.0,B1,41,z_R_mean,0.02091064476952095,True,
20.0,B1,41,travel_eff,0.7117047694234719,True,
20.0,B1,41,cot,1.3170734608798833,True,
20.0,B1,41,cog_err_rms,0.0,True,
20.0,B1,41,NF_min,34.654757896012256,True,
20.0,B1,42,slip_mean,0.5997344857595274,True,
20.0,B1,42,slip_max,0.5999650273110304,True,
20.0,B1,42,anchor_back_over_stroke,0.0,True,
20.0,B1,42,z_F_mean,0.009968176340413352,True,
20.0,B1,42,z_R_mean,0.015640519487425234,True,
20.0,B1,42,travel_eff,0.47084167229207097,True,
20.0,B1,42,cot,2.0112090750613345,True,
20.0,B1,42,cog_err_rms,0.0,True,
20.0,B1,42,NF_min,34.61638751657895,True,
20.0,B1,43,slip_mean,0.7500489236757021,True,
20.0,B1,43,slip_max,0.7505287327909068,True,
20.0,B1,43,anchor_back_over_stroke,0.0,True,
20.0,B1,43,z_F_mean,0.004159963975543735,True,
20.0,B1,43,z_R_mean,0.006916265993241044,True,
20.0,B1,43,travel_eff,0.29402335397879154,True,
20.0,B1,43,cot,2.6337683321589997,True,
20.0,B1,43,cog_err_rms,0.0,True,
20.0,B1,43,NF_min,34.625823266452734,True,
20.0,B1,44,slip_mean,nan,False,slide_back
20.0,B1,44,slip_max,nan,False,slide_back
20.0,B1,44,anchor_back_over_stroke,nan,False,slide_back
20.0,B1,44,z_F_mean,nan,False,slide_back
20.0,B1,44,z_R_mean,nan,False,slide_back
20.0,B1,44,travel_eff,nan,False,slide_back
20.0,B1,44,cot,inf,False,slide_back
20.0,B1,44,cog_err_rms,nan,False,slide_back
20.0,B1,44,NF_min,nan,False,slide_back
20.0,B1,45,slip_mean,nan,False,slide_back
20.0,B1,45,slip_max,nan,False,slide_back
20.0,B1,45,anchor_back_over_stroke,nan,False,slide_back
20.0,B1,45,z_F_mean,nan,False,slide_back
20.0,B1,45,z_R_mean,nan,False,slide_back
20.0,B1,45,travel_eff,nan,False,slide_back
20.0,B1,45,cot,inf,False,slide_back
20.0,B1,45,cog_err_rms,nan,False,slide_back
20.0,B1,45,NF_min,nan,False,slide_back
20.0,B1,46,slip_mean,0.7253041405525931,True,
20.0,B1,46,slip_max,0.7253041405525997,True,
20.0,B1,46,anchor_back_over_stroke,0.0,True,
20.0,B1,46,z_F_mean,0.006722147336918267,True,
20.0,B1,46,z_R_mean,0.010834239933399499,True,
20.0,B1,46,travel_eff,0.3231312028990657,True,
20.0,B1,46,cot,2.5493085372723874,True,
20.0,B1,46,cog_err_rms,0.0,True,
20.0,B1,46,NF_min,34.61483062617444,True,
20.0,B1,47,slip_mean,0.9294431292997758,True,
20.0,B1,47,slip_max,0.9294431292997759,True,
20.0,B1,47,anchor_back_over_stroke,0.0,True,
20.0,B1,47,z_F_mean,0.004659831054373663,True,
20.0,B1,47,z_R_mean,0.007726069440264287,True,
20.0,B1,47,travel_eff,0.08299770716704477,True,
20.0,B1,47,cot,9.42983867372785,True,
20.0,B1,47,cog_err_rms,0.0,True,
20.0,B1,47,NF_min,34.61280495385163,True,
20.0,B1,48,slip_mean,nan,False,slide_back
20.0,B1,48,slip_max,nan,False,slide_back
20.0,B1,48,anchor_back_over_stroke,nan,False,slide_back
20.0,B1,48,z_F_mean,nan,False,slide_back
20.0,B1,48,z_R_mean,nan,False,slide_back
20.0,B1,48,travel_eff,nan,False,slide_back
20.0,B1,48,cot,inf,False,slide_back
20.0,B1,48,cog_err_rms,nan,False,slide_back
20.0,B1,48,NF_min,nan,False,slide_back
20.0,B1,49,slip_mean,nan,False,slide_back
20.0,B1,49,slip_max,nan,False,slide_back
20.0,B1,49,anchor_back_over_stroke,nan,False,slide_back
20.0,B1,49,z_F_mean,nan,False,slide_back
20.0,B1,49,z_R_mean,nan,False,slide_back
20.0,B1,49,travel_eff,nan,False,slide_back
20.0,B1,49,cot,inf,False,slide_back
20.0,B1,49,cog_err_rms,nan,False,slide_back
20.0,B1,49,NF_min,nan,False,slide_back
20.0,B1,50,slip_mean,nan,False,slide_back
20.0,B1,50,slip_max,nan,False,slide_back
20.0,B1,50,anchor_back_over_stroke,nan,False,slide_back
20.0,B1,50,z_F_mean,nan,False,slide_back
20.0,B1,50,z_R_mean,nan,False,slide_back
20.0,B1,50,travel_eff,nan,False,slide_back
20.0,B1,50,cot,inf,False,slide_back
20.0,B1,50,cog_err_rms,nan,False,slide_back
20.0,B1,50,NF_min,nan,False,slide_back
20.0,B1,51,slip_mean,0.6484199007737215,True,
20.0,B1,51,slip_max,0.6484199007737215,True,
20.0,B1,51,anchor_back_over_stroke,0.0,True,
20.0,B1,51,z_F_mean,0.007206650373283417,True,
20.0,B1,51,z_R_mean,0.011568396146278463,True,
20.0,B1,51,travel_eff,0.41357194319287716,True,
20.0,B1,51,cot,1.977630042774706,True,
20.0,B1,51,cog_err_rms,0.0,True,
20.0,B1,51,NF_min,34.61682277435156,True,
20.0,B1,52,slip_mean,nan,False,stall_slip
20.0,B1,52,slip_max,nan,False,stall_slip
20.0,B1,52,anchor_back_over_stroke,nan,False,stall_slip
20.0,B1,52,z_F_mean,nan,False,stall_slip
20.0,B1,52,z_R_mean,nan,False,stall_slip
20.0,B1,52,travel_eff,nan,False,stall_slip
20.0,B1,52,cot,inf,False,stall_slip
20.0,B1,52,cog_err_rms,nan,False,stall_slip
20.0,B1,52,NF_min,nan,False,stall_slip
20.0,B1,53,slip_mean,0.856690614553404,True,
20.0,B1,53,slip_max,0.8566906145534037,True,
20.0,B1,53,anchor_back_over_stroke,0.0,True,
20.0,B1,53,z_F_mean,0.009767097996047996,True,
20.0,B1,53,z_R_mean,0.01563226480360175,True,
20.0,B1,53,travel_eff,0.16857820208546065,True,
20.0,B1,53,cot,4.937865050750617,True,
20.0,B1,53,cog_err_rms,0.0,True,
20.0,B1,53,NF_min,34.60892200337253,True,
20.0,B1,54,slip_mean,nan,False,slide_back
20.0,B1,54,slip_max,nan,False,slide_back
20.0,B1,54,anchor_back_over_stroke,nan,False,slide_back
20.0,B1,54,z_F_mean,nan,False,slide_back
20.0,B1,54,z_R_mean,nan,False,slide_back
20.0,B1,54,travel_eff,nan,False,slide_back
20.0,B1,54,cot,inf,False,slide_back
20.0,B1,54,cog_err_rms,nan,False,slide_back
20.0,B1,54,NF_min,nan,False,slide_back
20.0,B1,55,slip_mean,nan,False,slide_back
20.0,B1,55,slip_max,nan,False,slide_back
20.0,B1,55,anchor_back_over_stroke,nan,False,slide_back
20.0,B1,55,z_F_mean,nan,False,slide_back
20.0,B1,55,z_R_mean,nan,False,slide_back
20.0,B1,55,travel_eff,nan,False,slide_back
20.0,B1,55,cot,inf,False,slide_back
20.0,B1,55,cog_err_rms,nan,False,slide_back
20.0,B1,55,NF_min,nan,False,slide_back
20.0,B1,56,slip_mean,nan,False,stall_slip
20.0,B1,56,slip_max,nan,False,stall_slip
20.0,B1,56,anchor_back_over_stroke,nan,False,stall_slip
20.0,B1,56,z_F_mean,nan,False,stall_slip
20.0,B1,56,z_R_mean,nan,False,stall_slip
20.0,B1,56,travel_eff,nan,False,stall_slip
20.0,B1,56,cot,inf,False,stall_slip
20.0,B1,56,cog_err_rms,nan,False,stall_slip
20.0,B1,56,NF_min,nan,False,stall_slip
20.0,B1,57,slip_mean,nan,False,stall_slip
20.0,B1,57,slip_max,nan,False,stall_slip
20.0,B1,57,anchor_back_over_stroke,nan,False,stall_slip
20.0,B1,57,z_F_mean,nan,False,stall_slip
20.0,B1,57,z_R_mean,nan,False,stall_slip
20.0,B1,57,travel_eff,nan,False,stall_slip
20.0,B1,57,cot,inf,False,stall_slip
20.0,B1,57,cog_err_rms,nan,False,stall_slip
20.0,B1,57,NF_min,nan,False,stall_slip
20.0,B1,58,slip_mean,nan,False,slide_back
20.0,B1,58,slip_max,nan,False,slide_back
20.0,B1,58,anchor_back_over_stroke,nan,False,slide_back
20.0,B1,58,z_F_mean,nan,False,slide_back
20.0,B1,58,z_R_mean,nan,False,slide_back
20.0,B1,58,travel_eff,nan,False,slide_back
20.0,B1,58,cot,inf,False,slide_back
20.0,B1,58,cog_err_rms,nan,False,slide_back
20.0,B1,58,NF_min,nan,False,slide_back
20.0,B1,59,slip_mean,nan,False,stall_slip
20.0,B1,59,slip_max,nan,False,stall_slip
20.0,B1,59,anchor_back_over_stroke,nan,False,stall_slip
20.0,B1,59,z_F_mean,nan,False,stall_slip
20.0,B1,59,z_R_mean,nan,False,stall_slip
20.0,B1,59,travel_eff,nan,False,stall_slip
20.0,B1,59,cot,inf,False,stall_slip
20.0,B1,59,cog_err_rms,nan,False,stall_slip
20.0,B1,59,NF_min,nan,False,stall_slip
20.0,B2,40,slip_mean,0.3094964721785221,True,
20.0,B2,40,slip_max,1.0,True,
20.0,B2,40,anchor_back_over_stroke,0.4964350735151266,True,
20.0,B2,40,z_F_mean,0.01421461420151465,True,
20.0,B2,40,z_R_mean,0.020778707741085096,True,
20.0,B2,40,travel_eff,0.6182049557223942,True,
20.0,B2,40,cot,2.0811249860796974,True,
20.0,B2,40,cog_err_rms,0.0,True,
20.0,B2,40,NF_min,26.72570043850419,True,
20.0,B2,41,slip_mean,0.27699990429877713,True,
20.0,B2,41,slip_max,1.0,True,
20.0,B2,41,anchor_back_over_stroke,0.22916515175237764,True,
20.0,B2,41,z_F_mean,0.013741764392663664,True,
20.0,B2,41,z_R_mean,0.01980430610013741,True,
20.0,B2,41,travel_eff,0.7268060969138888,True,
20.0,B2,41,cot,2.0921869644238256,True,
20.0,B2,41,cog_err_rms,0.0,True,
20.0,B2,41,NF_min,28.784171583923126,True,
20.0,B2,42,slip_mean,0.32921312753367193,True,
20.0,B2,42,slip_max,1.0,True,
20.0,B2,42,anchor_back_over_stroke,0.4050261360223003,True,
20.0,B2,42,z_F_mean,0.009268462163732994,True,
20.0,B2,42,z_R_mean,0.013538978473144718,True,
20.0,B2,42,travel_eff,0.6162398188747089,True,
20.0,B2,42,cot,2.3050561484276075,True,
20.0,B2,42,cog_err_rms,0.0,True,
20.0,B2,42,NF_min,28.51309041887892,True,
20.0,B2,43,slip_mean,0.43831396300177455,True,
20.0,B2,43,slip_max,1.0,True,
20.0,B2,43,anchor_back_over_stroke,0.8162373116931994,True,
20.0,B2,43,z_F_mean,0.004108986570159991,True,
20.0,B2,43,z_R_mean,0.006372956972984617,True,
20.0,B2,43,travel_eff,0.47703662414999226,True,
20.0,B2,43,cot,2.3148151003694104,True,
20.0,B2,43,cog_err_rms,0.0,True,
20.0,B2,43,NF_min,32.325522435468876,True,
20.0,B2,44,slip_mean,0.35378931452514173,True,
20.0,B2,44,slip_max,1.0,True,
20.0,B2,44,anchor_back_over_stroke,0.6881975543861888,True,
20.0,B2,44,z_F_mean,0.012044393233125514,True,
20.0,B2,44,z_R_mean,0.01794990726975606,True,
20.0,B2,44,travel_eff,0.5050974555586486,True,
20.0,B2,44,cot,2.5148188543717045,True,
20.0,B2,44,cog_err_rms,0.0,True,
20.0,B2,44,NF_min,27.557938014657797,True,
20.0,B2,45,slip_mean,0.4108481334577869,True,
20.0,B2,45,slip_max,1.0,True,
20.0,B2,45,anchor_back_over_stroke,1.14886561018261,True,
20.0,B2,45,z_F_mean,0.00735264176885191,True,
20.0,B2,45,z_R_mean,0.01166640914225612,True,
20.0,B2,45,travel_eff,0.3168163451131461,True,
20.0,B2,45,cot,3.4545241918610916,True,
20.0,B2,45,cog_err_rms,0.0,True,
20.0,B2,45,NF_min,30.048444366960073,True,
20.0,B2,46,slip_mean,0.3841875966415761,True,
20.0,B2,46,slip_max,1.0,True,
20.0,B2,46,anchor_back_over_stroke,0.7280464604802265,True,
20.0,B2,46,z_F_mean,0.006112759933327442,True,
20.0,B2,46,z_R_mean,0.009265742661925695,True,
20.0,B2,46,travel_eff,0.5005980413192679,True,
20.0,B2,46,cot,2.4191341900487453,True,
20.0,B2,46,cog_err_rms,0.0,True,
20.0,B2,46,NF_min,28.66811349239778,True,
20.0,B2,47,slip_mean,0.42626284418339533,True,
20.0,B2,47,slip_max,1.0,True,
20.0,B2,47,anchor_back_over_stroke,1.080522062517825,True,
20.0,B2,47,z_F_mean,0.00397281776175628,True,
20.0,B2,47,z_R_mean,0.0062350280822516015,True,
20.0,B2,47,travel_eff,0.3536446585580653,True,
20.0,B2,47,cot,2.9852212098463515,True,
20.0,B2,47,cog_err_rms,0.0,True,
20.0,B2,47,NF_min,28.251094824818725,True,
20.0,B2,48,slip_mean,nan,False,slide_back
20.0,B2,48,slip_max,nan,False,slide_back
20.0,B2,48,anchor_back_over_stroke,nan,False,slide_back
20.0,B2,48,z_F_mean,nan,False,slide_back
20.0,B2,48,z_R_mean,nan,False,slide_back
20.0,B2,48,travel_eff,nan,False,slide_back
20.0,B2,48,cot,inf,False,slide_back
20.0,B2,48,cog_err_rms,nan,False,slide_back
20.0,B2,48,NF_min,nan,False,slide_back
20.0,B2,49,slip_mean,0.41951806472169023,True,
20.0,B2,49,slip_max,1.0,True,
20.0,B2,49,anchor_back_over_stroke,1.1523984211995548,True,
20.0,B2,49,z_F_mean,0.006899888997801687,True,
20.0,B2,49,z_R_mean,0.010797474830570291,True,
20.0,B2,49,travel_eff,0.3088789072602049,True,
20.0,B2,49,cot,3.5457438420402663,True,
20.0,B2,49,cog_err_rms,0.0,True,
20.0,B2,49,NF_min,28.016331337977974,True,
20.0,B2,50,slip_mean,nan,False,slide_back
20.0,B2,50,slip_max,nan,False,slide_back
20.0,B2,50,anchor_back_over_stroke,nan,False,slide_back
20.0,B2,50,z_F_mean,nan,False,slide_back
20.0,B2,50,z_R_mean,nan,False,slide_back
20.0,B2,50,travel_eff,nan,False,slide_back
20.0,B2,50,cot,inf,False,slide_back
20.0,B2,50,cog_err_rms,nan,False,slide_back
20.0,B2,50,NF_min,nan,False,slide_back
20.0,B2,51,slip_mean,0.3545194151182063,True,
20.0,B2,51,slip_max,1.0,True,
20.0,B2,51,anchor_back_over_stroke,0.5944628072447448,True,
20.0,B2,51,z_F_mean,0.006817648710225926,True,
20.0,B2,51,z_R_mean,0.010257312374786363,True,
20.0,B2,51,travel_eff,0.5737508079843877,True,
20.0,B2,51,cot,2.1379385677691314,True,
20.0,B2,51,cog_err_rms,0.0,True,
20.0,B2,51,NF_min,28.25586482669394,True,
20.0,B2,52,slip_mean,0.3034643518660769,True,
20.0,B2,52,slip_max,1.0,True,
20.0,B2,52,anchor_back_over_stroke,0.24485970364930307,True,
20.0,B2,52,z_F_mean,0.016295642227753968,True,
20.0,B2,52,z_R_mean,0.02386393151889082,True,
20.0,B2,52,travel_eff,0.6856128617949788,True,
20.0,B2,52,cot,2.3326589025236197,True,
20.0,B2,52,cog_err_rms,0.0,True,
20.0,B2,52,NF_min,26.54204809831018,True,
20.0,B2,53,slip_mean,0.4430656529414096,True,
20.0,B2,53,slip_max,1.0,True,
20.0,B2,53,anchor_back_over_stroke,0.7293684277998105,True,
20.0,B2,53,z_F_mean,0.009923825838277731,True,
20.0,B2,53,z_R_mean,0.01484397828496937,True,
20.0,B2,53,travel_eff,0.4913512497050778,True,
20.0,B2,53,cot,2.4786346076530954,True,
20.0,B2,53,cog_err_rms,0.0,True,
20.0,B2,53,NF_min,33.38161636111309,True,
20.0,B2,54,slip_mean,0.4932462426963318,True,
20.0,B2,54,slip_max,1.0,True,
20.0,B2,54,anchor_back_over_stroke,1.4722048865765407,True,
20.0,B2,54,z_F_mean,0.005489711671494863,True,
20.0,B2,54,z_R_mean,0.008929426628552641,True,
20.0,B2,54,travel_eff,0.15423389360184858,True,
20.0,B2,54,cot,6.693260961490027,True,
20.0,B2,54,cog_err_rms,0.0,True,
20.0,B2,54,NF_min,30.75596999016983,True,
20.0,B2,55,slip_mean,0.39508424025498756,True,
20.0,B2,55,slip_max,1.0,True,
20.0,B2,55,anchor_back_over_stroke,0.950213865032921,True,
20.0,B2,55,z_F_mean,0.008343836571473825,True,
20.0,B2,55,z_R_mean,0.012575075463060734,True,
20.0,B2,55,travel_eff,0.41199707352849074,True,
20.0,B2,55,cot,2.7323447104631513,True,
20.0,B2,55,cog_err_rms,0.0,True,
20.0,B2,55,NF_min,27.94185973299768,True,
20.0,B2,56,slip_mean,0.39447586311815347,True,
20.0,B2,56,slip_max,1.0,True,
20.0,B2,56,anchor_back_over_stroke,0.6656270414650571,True,
20.0,B2,56,z_F_mean,0.012410538518492078,True,
20.0,B2,56,z_R_mean,0.018440283039296863,True,
20.0,B2,56,travel_eff,0.5230790758749833,True,
20.0,B2,56,cot,2.4360919040439337,True,
20.0,B2,56,cog_err_rms,0.0,True,
20.0,B2,56,NF_min,30.43912159977493,True,
20.0,B2,57,slip_mean,0.39400965506143826,True,
20.0,B2,57,slip_max,1.0,True,
20.0,B2,57,anchor_back_over_stroke,0.6353278421450731,True,
20.0,B2,57,z_F_mean,0.009044889401330528,True,
20.0,B2,57,z_R_mean,0.013460718971488497,True,
20.0,B2,57,travel_eff,0.5450957932573394,True,
20.0,B2,57,cot,2.319509169605793,True,
20.0,B2,57,cog_err_rms,0.0,True,
20.0,B2,57,NF_min,30.67951424216786,True,
20.0,B2,58,slip_mean,nan,False,slide_back
20.0,B2,58,slip_max,nan,False,slide_back
20.0,B2,58,anchor_back_over_stroke,nan,False,slide_back
20.0,B2,58,z_F_mean,nan,False,slide_back
20.0,B2,58,z_R_mean,nan,False,slide_back
20.0,B2,58,travel_eff,nan,False,slide_back
20.0,B2,58,cot,inf,False,slide_back
20.0,B2,58,cog_err_rms,nan,False,slide_back
20.0,B2,58,NF_min,nan,False,slide_back
20.0,B2,59,slip_mean,0.4393079440408592,True,
20.0,B2,59,slip_max,1.0,True,
20.0,B2,59,anchor_back_over_stroke,0.8765048830010504,True,
20.0,B2,59,z_F_mean,0.008584529756369043,True,
20.0,B2,59,z_R_mean,0.01317188301843816,True,
20.0,B2,59,travel_eff,0.43525106398494157,True,
20.0,B2,59,cot,2.6581020518886036,True,
20.0,B2,59,cog_err_rms,0.0,True,
20.0,B2,59,NF_min,32.30660683286627,True,
20.0,B3,40,slip_mean,0.2948568205647984,True,
20.0,B3,40,slip_max,1.0,True,
20.0,B3,40,anchor_back_over_stroke,0.3791995192440109,True,
20.0,B3,40,z_F_mean,0.01632610791853559,True,
20.0,B3,40,z_R_mean,0.019007622581174194,True,
20.0,B3,40,travel_eff,0.6542561245425502,True,
20.0,B3,40,cot,2.0559539399005904,True,
20.0,B3,40,cog_err_rms,0.0,True,
20.0,B3,40,NF_min,35.228443835228546,True,
20.0,B3,41,slip_mean,0.2964692235432734,True,
20.0,B3,41,slip_max,1.0,True,
20.0,B3,41,anchor_back_over_stroke,0.21762515586112424,True,
20.0,B3,41,z_F_mean,0.01579699495540476,True,
20.0,B3,41,z_R_mean,0.01822742362322942,True,
20.0,B3,41,travel_eff,0.7295590644324738,True,
20.0,B3,41,cot,2.08794305610561,True,
20.0,B3,41,cog_err_rms,0.0,True,
20.0,B3,41,NF_min,38.14562449943551,True,
20.0,B3,42,slip_mean,0.34626403327233946,True,
20.0,B3,42,slip_max,1.0,True,
20.0,B3,42,anchor_back_over_stroke,0.3874709308063856,True,
20.0,B3,42,z_F_mean,0.010694897759006899,True,
20.0,B3,42,z_R_mean,0.0124617068136017,True,
20.0,B3,42,travel_eff,0.6204890787770402,True,
20.0,B3,42,cot,2.335232681519742,True,
20.0,B3,42,cog_err_rms,0.0,True,
20.0,B3,42,NF_min,37.15673049025552,True,
20.0,B3,43,slip_mean,0.42754445385847056,True,
20.0,B3,43,slip_max,1.0,True,
20.0,B3,43,anchor_back_over_stroke,0.7210324588952054,True,
20.0,B3,43,z_F_mean,0.004821672577539478,True,
20.0,B3,43,z_R_mean,0.005755517949534129,True,
20.0,B3,43,travel_eff,0.5059844609377003,True,
20.0,B3,43,cot,2.2786847129267036,True,
20.0,B3,43,cog_err_rms,0.0,True,
20.0,B3,43,NF_min,41.08596431414029,True,
20.0,B3,44,slip_mean,0.34267878055905987,True,
20.0,B3,44,slip_max,1.0,True,
20.0,B3,44,anchor_back_over_stroke,0.5991958201203471,True,
20.0,B3,44,z_F_mean,0.013939036755607759,True,
20.0,B3,44,z_R_mean,0.01632144270174361,True,
20.0,B3,44,travel_eff,0.5303884198700128,True,
20.0,B3,44,cot,2.45060476571093,True,
20.0,B3,44,cog_err_rms,0.0,True,
20.0,B3,44,NF_min,35.95590776487753,True,
20.0,B3,45,slip_mean,0.38868648516599724,True,
20.0,B3,45,slip_max,1.0,True,
20.0,B3,45,anchor_back_over_stroke,0.9665136740694352,True,
20.0,B3,45,z_F_mean,0.008682180207406937,True,
20.0,B3,45,z_R_mean,0.01044305699370856,True,
20.0,B3,45,travel_eff,0.3987494983713039,True,
20.0,B3,45,cot,2.8182387220710803,True,
20.0,B3,45,cog_err_rms,0.0,True,
20.0,B3,45,NF_min,37.22981399573548,True,
20.0,B3,46,slip_mean,0.3710395281436775,True,
20.0,B3,46,slip_max,1.0,True,
20.0,B3,46,anchor_back_over_stroke,0.6240714741773687,True,
20.0,B3,46,z_F_mean,0.007107534864703591,True,
20.0,B3,46,z_R_mean,0.008390311432131335,True,
20.0,B3,46,travel_eff,0.5285608174819186,True,
20.0,B3,46,cot,2.3903216635623807,True,
20.0,B3,46,cog_err_rms,0.0,True,
20.0,B3,46,NF_min,36.72564773609103,True,
20.0,B3,47,slip_mean,0.4212545510334948,True,
20.0,B3,47,slip_max,1.0,True,
20.0,B3,47,anchor_back_over_stroke,1.0279559236570048,True,
20.0,B3,47,z_F_mean,0.004681929337349369,True,
20.0,B3,47,z_R_mean,0.0056041664828394965,True,
20.0,B3,47,travel_eff,0.37269783571183,True,
20.0,B3,47,cot,2.89628193467357,True,
20.0,B3,47,cog_err_rms,0.0,True,
20.0,B3,47,NF_min,37.29133238780563,True,
20.0,B3,48,slip_mean,nan,False,stall_advance
20.0,B3,48,slip_max,nan,False,stall_advance
20.0,B3,48,anchor_back_over_stroke,nan,False,stall_advance
20.0,B3,48,z_F_mean,nan,False,stall_advance
20.0,B3,48,z_R_mean,nan,False,stall_advance
20.0,B3,48,travel_eff,nan,False,stall_advance
20.0,B3,48,cot,inf,False,stall_advance
20.0,B3,48,cog_err_rms,nan,False,stall_advance
20.0,B3,48,NF_min,nan,False,stall_advance
20.0,B3,49,slip_mean,0.3952747563824625,True,
20.0,B3,49,slip_max,1.0,True,
20.0,B3,49,anchor_back_over_stroke,0.9923123242367409,True,
20.0,B3,49,z_F_mean,0.008100407130658287,True,
20.0,B3,49,z_R_mean,0.009684701591045019,True,
20.0,B3,49,travel_eff,0.36741949684107467,True,
20.0,B3,49,cot,3.093425064765269,True,
20.0,B3,49,cog_err_rms,0.0,True,
20.0,B3,49,NF_min,36.23331738001562,True,
20.0,B3,50,slip_mean,nan,False,slide_back
20.0,B3,50,slip_max,nan,False,slide_back
20.0,B3,50,anchor_back_over_stroke,nan,False,slide_back
20.0,B3,50,z_F_mean,nan,False,slide_back
20.0,B3,50,z_R_mean,nan,False,slide_back
20.0,B3,50,travel_eff,nan,False,slide_back
20.0,B3,50,cot,inf,False,slide_back
20.0,B3,50,cog_err_rms,nan,False,slide_back
20.0,B3,50,NF_min,nan,False,slide_back
20.0,B3,51,slip_mean,0.34509473902179955,True,
20.0,B3,51,slip_max,1.0,True,
20.0,B3,51,anchor_back_over_stroke,0.5069599675784888,True,
20.0,B3,51,z_F_mean,0.007907124948190639,True,
20.0,B3,51,z_R_mean,0.009317410340949106,True,
20.0,B3,51,travel_eff,0.5961333102597651,True,
20.0,B3,51,cot,2.1470609297287755,True,
20.0,B3,51,cog_err_rms,0.0,True,
20.0,B3,51,NF_min,36.483103238605246,True,
20.0,B3,52,slip_mean,0.3024630589653269,True,
20.0,B3,52,slip_max,1.0,True,
20.0,B3,52,anchor_back_over_stroke,0.22660133798771762,True,
20.0,B3,52,z_F_mean,0.01878047846060023,True,
20.0,B3,52,z_R_mean,0.02187976345124996,True,
20.0,B3,52,travel_eff,0.6916581073874508,True,
20.0,B3,52,cot,2.325396311295792,True,
20.0,B3,52,cog_err_rms,0.0,True,
20.0,B3,52,NF_min,34.79959504123619,True,
20.0,B3,53,slip_mean,0.44322133480045367,True,
20.0,B3,53,slip_max,1.0,True,
20.0,B3,53,anchor_back_over_stroke,0.7120642809753771,True,
20.0,B3,53,z_F_mean,0.011495279441348852,True,
20.0,B3,53,z_R_mean,0.013532211708870184,True,
20.0,B3,53,travel_eff,0.49620532595243927,True,
20.0,B3,53,cot,2.493268120243641,True,
20.0,B3,53,cog_err_rms,0.0,True,
20.0,B3,53,NF_min,42.35934561891699,True,
20.0,B3,54,slip_mean,0.44936504265466465,True,
20.0,B3,54,slip_max,1.0,True,
20.0,B3,54,anchor_back_over_stroke,1.17919786961627,True,
20.0,B3,54,z_F_mean,0.006506559610791666,True,
20.0,B3,54,z_R_mean,0.007908691461018438,True,
20.0,B3,54,travel_eff,0.27963710921184287,True,
20.0,B3,54,cot,3.7695987606932615,True,
20.0,B3,54,cog_err_rms,0.0,True,
20.0,B3,54,NF_min,39.67333901280984,True,
20.0,B3,55,slip_mean,0.3753516241068632,True,
20.0,B3,55,slip_max,1.0,True,
20.0,B3,55,anchor_back_over_stroke,0.8231529444788849,True,
20.0,B3,55,z_F_mean,0.009683812014483366,True,
20.0,B3,55,z_R_mean,0.011414017886927669,True,
20.0,B3,55,travel_eff,0.4572371760811705,True,
20.0,B3,55,cot,2.575814813413121,True,
20.0,B3,55,cog_err_rms,0.0,True,
20.0,B3,55,NF_min,36.29028920371837,True,
20.0,B3,56,slip_mean,0.38412941139448126,True,
20.0,B3,56,slip_max,1.0,True,
20.0,B3,56,anchor_back_over_stroke,0.5829045563184697,True,
20.0,B3,56,z_F_mean,0.014346411036303634,True,
20.0,B3,56,z_R_mean,0.016827151604654016,True,
20.0,B3,56,travel_eff,0.546708824756328,True,
20.0,B3,56,cot,2.393866478752681,True,
20.0,B3,56,cog_err_rms,0.0,True,
20.0,B3,56,NF_min,39.40505616832653,True,
20.0,B3,57,slip_mean,0.3783873137257164,True,
20.0,B3,57,slip_max,1.0,True,
20.0,B3,57,anchor_back_over_stroke,0.5113987905435046,True,
20.0,B3,57,z_F_mean,0.01046253719898021,True,
20.0,B3,57,z_R_mean,0.012283676701155552,True,
20.0,B3,57,travel_eff,0.5851074490175325,True,
20.0,B3,57,cot,2.2664925577504866,True,
20.0,B3,57,cog_err_rms,0.0,True,
20.0,B3,57,NF_min,39.4547644759256,True,
20.0,B3,58,slip_mean,nan,False,slide_back
20.0,B3,58,slip_max,nan,False,slide_back
20.0,B3,58,anchor_back_over_stroke,nan,False,slide_back
20.0,B3,58,z_F_mean,nan,False,slide_back
20.0,B3,58,z_R_mean,nan,False,slide_back
20.0,B3,58,travel_eff,nan,False,slide_back
20.0,B3,58,cot,inf,False,slide_back
20.0,B3,58,cog_err_rms,nan,False,slide_back
20.0,B3,58,NF_min,nan,False,slide_back
20.0,B3,59,slip_mean,0.4215059733854576,True,
20.0,B3,59,slip_max,1.0,True,
20.0,B3,59,anchor_back_over_stroke,0.7366712351132949,True,
20.0,B3,59,z_F_mean,0.01003543661207798,True,
20.0,B3,59,z_R_mean,0.011929064138604055,True,
20.0,B3,59,travel_eff,0.4839176353211255,True,
20.0,B3,59,cot,2.5048631640428902,True,
20.0,B3,59,cog_err_rms,0.0,True,
20.0,B3,59,NF_min,41.11073278989027,True,
20.0,A,40,slip_mean,0.2947865325461058,True,
20.0,A,40,slip_max,1.0,True,
20.0,A,40,anchor_back_over_stroke,0.38427202812169003,True,
20.0,A,40,z_F_mean,0.016315435848293144,True,
20.0,A,40,z_R_mean,0.0190175680812492,True,
20.0,A,40,travel_eff,0.6521706848751143,True,
20.0,A,40,cot,2.083199035949193,True,
20.0,A,40,cog_err_rms,0.0028264466244643637,True,
20.0,A,40,NF_min,34.492910228735795,True,
20.0,A,41,slip_mean,0.29092015055887954,True,
20.0,A,41,slip_max,1.0,True,
20.0,A,41,anchor_back_over_stroke,0.2217101329825121,True,
20.0,A,41,z_F_mean,0.015297643992380948,True,
20.0,A,41,z_R_mean,0.018633626022208923,True,
20.0,A,41,travel_eff,0.7276373138812727,True,
20.0,A,41,cot,2.1071220047854022,True,
20.0,A,41,cog_err_rms,0.0020052974733427544,True,
20.0,A,41,NF_min,34.97583664675674,True,
20.0,A,42,slip_mean,0.34125037261225943,True,
20.0,A,42,slip_max,1.0,True,
20.0,A,42,anchor_back_over_stroke,0.39116957460337914,True,
20.0,A,42,z_F_mean,0.010341653262636474,True,
20.0,A,42,z_R_mean,0.012746295407216791,True,
20.0,A,42,travel_eff,0.6195187771065974,True,
20.0,A,42,cot,2.348152260796732,True,
20.0,A,42,cog_err_rms,0.0020052974733427544,True,
20.0,A,42,NF_min,34.45431097148066,True,
20.0,A,43,slip_mean,0.42894157451222775,True,
20.0,A,43,slip_max,1.0,True,
20.0,A,43,anchor_back_over_stroke,0.7424144469702626,True,
20.0,A,43,z_F_mean,0.0046461790166647384,True,
20.0,A,43,z_R_mean,0.005914786857429589,True,
20.0,A,43,travel_eff,0.4992849910305471,True,
20.0,A,43,cot,2.3040400927049474,True,
20.0,A,43,cog_err_rms,0.0020052974733427544,True,
20.0,A,43,NF_min,37.847740324314344,True,
20.0,A,44,slip_mean,0.34392833479182955,True,
20.0,A,44,slip_max,1.0,True,
20.0,A,44,anchor_back_over_stroke,0.6070779320851593,True,
20.0,A,44,z_F_mean,0.013470898791853252,True,
20.0,A,44,z_R_mean,0.01673046537372232,True,
20.0,A,44,travel_eff,0.5268750247382752,True,
20.0,A,44,cot,2.487094809956695,True,
20.0,A,44,cog_err_rms,0.0020052974733427544,True,
20.0,A,44,NF_min,33.27893275164099,True,
20.0,A,45,slip_mean,0.3892398184326392,True,
20.0,A,45,slip_max,1.0,True,
20.0,A,45,anchor_back_over_stroke,0.9803792705185622,True,
20.0,A,45,z_F_mean,0.008675797373012412,True,
20.0,A,45,z_R_mean,0.010451381513995465,True,
20.0,A,45,travel_eff,0.3913774385647697,True,
20.0,A,45,cot,2.9496226713097085,True,
20.0,A,45,cog_err_rms,0.0028264466244643637,True,
20.0,A,45,NF_min,36.38152497203851,True,
20.0,A,46,slip_mean,0.37316485349968165,True,
20.0,A,46,slip_max,1.0,True,
20.0,A,46,anchor_back_over_stroke,0.6508218328367339,True,
20.0,A,46,z_F_mean,0.006866127293691673,True,
20.0,A,46,z_R_mean,0.008615088103200549,True,
20.0,A,46,travel_eff,0.5224832400015337,True,
20.0,A,46,cot,2.4135179112718324,True,
20.0,A,46,cog_err_rms,0.0020052974733427544,True,
20.0,A,46,NF_min,34.16685502835034,True,
20.0,A,47,slip_mean,0.42123483613190216,True,
20.0,A,47,slip_max,1.0,True,
20.0,A,47,anchor_back_over_stroke,1.0333766463699638,True,
20.0,A,47,z_F_mean,0.004678592953586138,True,
20.0,A,47,z_R_mean,0.005607657167085578,True,
20.0,A,47,travel_eff,0.3696088119583483,True,
20.0,A,47,cot,2.949474623656366,True,
20.0,A,47,cog_err_rms,0.0028264466244643637,True,
20.0,A,47,NF_min,36.43238138843316,True,
20.0,A,48,slip_mean,nan,False,slide_back
20.0,A,48,slip_max,nan,False,slide_back
20.0,A,48,anchor_back_over_stroke,nan,False,slide_back
20.0,A,48,z_F_mean,nan,False,slide_back
20.0,A,48,z_R_mean,nan,False,slide_back
20.0,A,48,travel_eff,nan,False,slide_back
20.0,A,48,cot,inf,False,slide_back
20.0,A,48,cog_err_rms,nan,False,slide_back
20.0,A,48,NF_min,nan,False,slide_back
20.0,A,49,slip_mean,0.39517648480601264,True,
20.0,A,49,slip_max,1.0,True,
20.0,A,49,anchor_back_over_stroke,0.9971291977130254,True,
20.0,A,49,z_F_mean,0.008094715832556268,True,
20.0,A,49,z_R_mean,0.009690723837956473,True,
20.0,A,49,travel_eff,0.36533155552785135,True,
20.0,A,49,cot,3.1910480869149644,True,
20.0,A,49,cog_err_rms,0.0028264466244643637,True,
20.0,A,49,NF_min,35.487391287593724,True,
20.0,A,50,slip_mean,nan,False,slide_back
20.0,A,50,slip_max,nan,False,slide_back
20.0,A,50,anchor_back_over_stroke,nan,False,slide_back
20.0,A,50,z_F_mean,nan,False,slide_back
20.0,A,50,z_R_mean,nan,False,slide_back
20.0,A,50,travel_eff,nan,False,slide_back
20.0,A,50,cot,inf,False,slide_back
20.0,A,50,cog_err_rms,nan,False,slide_back
20.0,A,50,NF_min,nan,False,slide_back
20.0,A,51,slip_mean,0.34512020095167373,True,
20.0,A,51,slip_max,1.0,True,
20.0,A,51,anchor_back_over_stroke,0.5260616959121661,True,
20.0,A,51,z_F_mean,0.00764140899027793,True,
20.0,A,51,z_R_mean,0.009556936259271969,True,
20.0,A,51,travel_eff,0.5920417983809146,True,
20.0,A,51,cot,2.1542322930471136,True,
20.0,A,51,cog_err_rms,0.0020052974733427544,True,
20.0,A,51,NF_min,33.900902645721615,True,
20.0,A,52,slip_mean,0.2992561778365346,True,
20.0,A,52,slip_max,1.0,True,
20.0,A,52,anchor_back_over_stroke,0.22865221912716413,True,
20.0,A,52,z_F_mean,0.018184139932965675,True,
20.0,A,52,z_R_mean,0.022398065400355185,True,
20.0,A,52,travel_eff,0.6911624220995722,True,
20.0,A,52,cot,2.3375555791762266,True,
20.0,A,52,cog_err_rms,0.0020052974733427544,True,
20.0,A,52,NF_min,32.153471710631415,True,
20.0,A,53,slip_mean,0.44315202909286644,True,
20.0,A,53,slip_max,1.0,True,
20.0,A,53,anchor_back_over_stroke,0.7117990223348282,True,
20.0,A,53,z_F_mean,0.011487224414929593,True,
20.0,A,53,z_R_mean,0.013538769704508645,True,
20.0,A,53,travel_eff,0.496591775225368,True,
20.0,A,53,cot,2.5086225058733,True,
20.0,A,53,cog_err_rms,0.0028264466244643637,True,
20.0,A,53,NF_min,40.94339174782318,True,
20.0,A,54,slip_mean,0.4490234376728015,True,
20.0,A,54,slip_max,1.0,True,
20.0,A,54,anchor_back_over_stroke,1.179257750208466,True,
20.0,A,54,z_F_mean,0.006501762609322381,True,
20.0,A,54,z_R_mean,0.007912781780926657,True,
20.0,A,54,travel_eff,0.27983984844740645,True,
20.0,A,54,cot,3.984158924551382,True,
20.0,A,54,cog_err_rms,0.0028264466244643637,True,
20.0,A,54,NF_min,38.55454606029852,True,
20.0,A,55,slip_mean,0.3753517629115799,True,
20.0,A,55,slip_max,1.0,True,
20.0,A,55,anchor_back_over_stroke,0.8281750455161846,True,
20.0,A,55,z_F_mean,0.009677203876732167,True,
20.0,A,55,z_R_mean,0.011420365912961158,True,
20.0,A,55,travel_eff,0.4549544291681321,True,
20.0,A,55,cot,2.6274611907246697,True,
20.0,A,55,cog_err_rms,0.0028264466244643637,True,
20.0,A,55,NF_min,35.54194890772876,True,
20.0,A,56,slip_mean,0.384773437426858,True,
20.0,A,56,slip_max,1.0,True,
20.0,A,56,anchor_back_over_stroke,0.5882604794072507,True,
20.0,A,56,z_F_mean,0.013871546615185774,True,
20.0,A,56,z_R_mean,0.017241511747121914,True,
20.0,A,56,travel_eff,0.5450185368502702,True,
20.0,A,56,cot,2.4145964054992186,True,
20.0,A,56,cog_err_rms,0.0020052974733427544,True,
20.0,A,56,NF_min,36.3243082432636,True,
20.0,A,57,slip_mean,0.3780481631417591,True,
20.0,A,57,slip_max,1.0,True,
20.0,A,57,anchor_back_over_stroke,0.5115005895075537,True,
20.0,A,57,z_F_mean,0.010455186095095435,True,
20.0,A,57,z_R_mean,0.012289422249927892,True,
20.0,A,57,travel_eff,0.5853094107890162,True,
20.0,A,57,cot,2.288632671272721,True,
20.0,A,57,cog_err_rms,0.0028264466244643637,True,
20.0,A,57,NF_min,38.36288097024177,True,
20.0,A,58,slip_mean,nan,False,slide_back
20.0,A,58,slip_max,nan,False,slide_back
20.0,A,58,anchor_back_over_stroke,nan,False,slide_back
20.0,A,58,z_F_mean,nan,False,slide_back
20.0,A,58,z_R_mean,nan,False,slide_back
20.0,A,58,travel_eff,nan,False,slide_back
20.0,A,58,cot,inf,False,slide_back
20.0,A,58,cog_err_rms,nan,False,slide_back
20.0,A,58,NF_min,nan,False,slide_back
20.0,A,59,slip_mean,0.42134330152936383,True,
20.0,A,59,slip_max,1.0,True,
20.0,A,59,anchor_back_over_stroke,0.7361635204479078,True,
20.0,A,59,z_F_mean,0.010028035165123775,True,
20.0,A,59,z_R_mean,0.01193517321502671,True,
20.0,A,59,travel_eff,0.4844524168518462,True,
20.0,A,59,cot,2.536969456279279,True,
20.0,A,59,cog_err_rms,0.0028264466244643637,True,
20.0,A,59,NF_min,39.83207673271066,True,
20.0,C,40,slip_mean,0.2948568205647984,True,
20.0,C,40,slip_max,1.0,True,
20.0,C,40,anchor_back_over_stroke,0.3791995192440109,True,
20.0,C,40,z_F_mean,0.01632610791853559,True,
20.0,C,40,z_R_mean,0.019007622581174194,True,
20.0,C,40,travel_eff,0.6542561245425502,True,
20.0,C,40,cot,2.0559539399005904,True,
20.0,C,40,cog_err_rms,0.010824095097616598,True,
20.0,C,40,NF_min,35.228443835228546,True,
20.0,C,41,slip_mean,0.2964692235432734,True,
20.0,C,41,slip_max,1.0,True,
20.0,C,41,anchor_back_over_stroke,0.21762515586112424,True,
20.0,C,41,z_F_mean,0.01579699495540476,True,
20.0,C,41,z_R_mean,0.01822742362322942,True,
20.0,C,41,travel_eff,0.7295590644324738,True,
20.0,C,41,cot,2.08794305610561,True,
20.0,C,41,cog_err_rms,0.01026471616696934,True,
20.0,C,41,NF_min,38.14562449943551,True,
20.0,C,42,slip_mean,0.3460436776114902,True,
20.0,C,42,slip_max,1.0,True,
20.0,C,42,anchor_back_over_stroke,0.3875562078941532,True,
20.0,C,42,z_F_mean,0.01069436296227336,True,
20.0,C,42,z_R_mean,0.012462996005638601,True,
20.0,C,42,travel_eff,0.6205432725069311,True,
20.0,C,42,cot,2.333131682550512,True,
20.0,C,42,cog_err_rms,0.004120324781902097,True,
20.0,C,42,NF_min,37.14893004623714,True,
20.0,C,43,slip_mean,0.4209362690285034,True,
20.0,C,43,slip_max,1.0,True,
20.0,C,43,anchor_back_over_stroke,0.7041690420658884,True,
20.0,C,43,z_F_mean,0.004625404600638542,True,
20.0,C,43,z_R_mean,0.005920829407107414,True,
20.0,C,43,travel_eff,0.5221635031064752,True,
20.0,C,43,cot,2.336988948450005,True,
20.0,C,43,cog_err_rms,0.02635941666234537,True,
20.0,C,43,NF_min,33.573027091289205,True,
20.0,C,44,slip_mean,0.34267878055905987,True,
20.0,C,44,slip_max,1.0,True,
20.0,C,44,anchor_back_over_stroke,0.5991958201203471,True,
20.0,C,44,z_F_mean,0.013939036755607759,True,
20.0,C,44,z_R_mean,0.01632144270174361,True,
20.0,C,44,travel_eff,0.5303884198700128,True,
20.0,C,44,cot,2.45060476571093,True,
20.0,C,44,cog_err_rms,0.00785120098681013,True,
20.0,C,44,NF_min,35.95590776487753,True,
20.0,C,45,slip_mean,0.38581329797409175,True,
20.0,C,45,slip_max,1.0,True,
20.0,C,45,anchor_back_over_stroke,0.9449226577940861,True,
20.0,C,45,z_F_mean,0.00856277266419257,True,
20.0,C,45,z_R_mean,0.01054466220969778,True,
20.0,C,45,travel_eff,0.4076321359491917,True,
20.0,C,45,cot,2.8281099793629654,True,
20.0,C,45,cog_err_rms,0.007720857395610516,True,
20.0,C,45,NF_min,36.606099457579866,True,
20.0,C,46,slip_mean,0.37073751992444454,True,
20.0,C,46,slip_max,1.0,True,
20.0,C,46,anchor_back_over_stroke,0.6234630834510508,True,
20.0,C,46,z_F_mean,0.007090185017370539,True,
20.0,C,46,z_R_mean,0.008406751606990833,True,
20.0,C,46,travel_eff,0.5298983937029172,True,
20.0,C,46,cot,2.390297208026841,True,
20.0,C,46,cog_err_rms,0.0012464223516222431,True,
20.0,C,46,NF_min,36.666520846765735,True,
20.0,C,47,slip_mean,0.41327060759907974,True,
20.0,C,47,slip_max,1.0,True,
20.0,C,47,anchor_back_over_stroke,0.9846093249104649,True,
20.0,C,47,z_F_mean,0.004563522339521786,True,
20.0,C,47,z_R_mean,0.005697759109278298,True,
20.0,C,47,travel_eff,0.3909854689625134,True,
20.0,C,47,cot,2.9068093286999077,True,
20.0,C,47,cog_err_rms,0.014902089952331042,True,
20.0,C,47,NF_min,35.3850911394989,True,
20.0,C,48,slip_mean,nan,False,stall_advance
20.0,C,48,slip_max,nan,False,stall_advance
20.0,C,48,anchor_back_over_stroke,nan,False,stall_advance
20.0,C,48,z_F_mean,nan,False,stall_advance
20.0,C,48,z_R_mean,nan,False,stall_advance
20.0,C,48,travel_eff,nan,False,stall_advance
20.0,C,48,cot,inf,False,stall_advance
20.0,C,48,cog_err_rms,nan,False,stall_advance
20.0,C,48,NF_min,nan,False,stall_advance
20.0,C,49,slip_mean,0.3947287231822995,True,
20.0,C,49,slip_max,1.0,True,
20.0,C,49,anchor_back_over_stroke,0.9809634489633281,True,
20.0,C,49,z_F_mean,0.00800229743647227,True,
20.0,C,49,z_R_mean,0.009768598684422654,True,
20.0,C,49,travel_eff,0.37390709262128213,True,
20.0,C,49,cot,3.099687930421592,True,
20.0,C,49,cog_err_rms,0.007355334685532455,True,
20.0,C,49,NF_min,35.824816654107934,True,
20.0,C,50,slip_mean,nan,False,slide_back
20.0,C,50,slip_max,nan,False,slide_back
20.0,C,50,anchor_back_over_stroke,nan,False,slide_back
20.0,C,50,z_F_mean,nan,False,slide_back
20.0,C,50,z_R_mean,nan,False,slide_back
20.0,C,50,travel_eff,nan,False,slide_back
20.0,C,50,cot,inf,False,slide_back
20.0,C,50,cog_err_rms,nan,False,slide_back
20.0,C,50,NF_min,nan,False,slide_back
20.0,C,51,slip_mean,0.34509473902179955,True,
20.0,C,51,slip_max,1.0,True,
20.0,C,51,anchor_back_over_stroke,0.5069599675784888,True,
20.0,C,51,z_F_mean,0.007907124948190639,True,
20.0,C,51,z_R_mean,0.009317410340949106,True,
20.0,C,51,travel_eff,0.5961333102597651,True,
20.0,C,51,cot,2.1470609297287755,True,
20.0,C,51,cog_err_rms,0.005950735575896888,True,
20.0,C,51,NF_min,36.483103238605246,True,
20.0,C,52,slip_mean,0.30247037747017225,True,
20.0,C,52,slip_max,1.0,True,
20.0,C,52,anchor_back_over_stroke,0.2266184795900886,True,
20.0,C,52,z_F_mean,0.018776205997597394,True,
20.0,C,52,z_R_mean,0.02188354297736629,True,
20.0,C,52,travel_eff,0.6915926128243394,True,
20.0,C,52,cot,2.326851359295837,True,
20.0,C,52,cog_err_rms,0.0037411688686148823,True,
20.0,C,52,NF_min,34.775318493849866,True,
20.0,C,53,slip_mean,0.44235964210613665,True,
20.0,C,53,slip_max,1.0,True,
20.0,C,53,anchor_back_over_stroke,0.7109055430428827,True,
20.0,C,53,z_F_mean,0.011424836005539717,True,
20.0,C,53,z_R_mean,0.013594360452856067,True,
20.0,C,53,travel_eff,0.4985475666556327,True,
20.0,C,53,cot,2.5024505916583744,True,
20.0,C,53,cog_err_rms,0.004962148454652964,True,
20.0,C,53,NF_min,37.922729583280585,True,
20.0,C,54,slip_mean,0.4393898642565242,True,
20.0,C,54,slip_max,1.0,True,
20.0,C,54,anchor_back_over_stroke,1.1357317158630758,True,
20.0,C,54,z_F_mean,0.006152704718282333,True,
20.0,C,54,z_R_mean,0.008192933227055678,True,
20.0,C,54,travel_eff,0.30982385250547945,True,
20.0,C,54,cot,3.7088442638793118,True,
20.0,C,54,cog_err_rms,0.03439745999527093,True,
20.0,C,54,NF_min,32.21478404164889,True,
20.0,C,55,slip_mean,0.3750833309185995,True,
20.0,C,55,slip_max,1.0,True,
20.0,C,55,anchor_back_over_stroke,0.8138618049994627,True,
20.0,C,55,z_F_mean,0.009602601921513973,True,
20.0,C,55,z_R_mean,0.011480611386431238,True,
20.0,C,55,travel_eff,0.46027497448490134,True,
20.0,C,55,cot,2.5947615556447254,True,
20.0,C,55,cog_err_rms,0.004987345282536648,True,
20.0,C,55,NF_min,35.85982312411363,True,
20.0,C,56,slip_mean,0.38405626948661786,True,
20.0,C,56,slip_max,1.0,True,
20.0,C,56,anchor_back_over_stroke,0.5822802792655085,True,
20.0,C,56,z_F_mean,0.01427289004362934,True,
20.0,C,56,z_R_mean,0.016892182129596447,True,
20.0,C,56,travel_eff,0.5480884828172837,True,
20.0,C,56,cot,2.3981970352732986,True,
20.0,C,56,cog_err_rms,0.002457812673737279,True,
20.0,C,56,NF_min,38.215390649238536,True,
20.0,C,57,slip_mean,0.3767274635995017,True,
20.0,C,57,slip_max,1.0,True,
20.0,C,57,anchor_back_over_stroke,0.5109706848763339,True,
20.0,C,57,z_F_mean,0.010301703568575403,True,
20.0,C,57,z_R_mean,0.012425345177603946,True,
20.0,C,57,travel_eff,0.5907190736076796,True,
20.0,C,57,cot,2.2822280302477074,True,
20.0,C,57,cog_err_rms,0.009496754139471252,True,
20.0,C,57,NF_min,36.75036676039679,True,
20.0,C,58,slip_mean,nan,False,slide_back
20.0,C,58,slip_max,nan,False,slide_back
20.0,C,58,anchor_back_over_stroke,nan,False,slide_back
20.0,C,58,z_F_mean,nan,False,slide_back
20.0,C,58,z_R_mean,nan,False,slide_back
20.0,C,58,travel_eff,nan,False,slide_back
20.0,C,58,cot,inf,False,slide_back
20.0,C,58,cog_err_rms,nan,False,slide_back
20.0,C,58,NF_min,nan,False,slide_back
20.0,C,59,slip_mean,0.41894465895677896,True,
20.0,C,59,slip_max,1.0,True,
20.0,C,59,anchor_back_over_stroke,0.7280131788775894,True,
20.0,C,59,z_F_mean,0.009723147344238105,True,
20.0,C,59,z_R_mean,0.012197688152453166,True,
20.0,C,59,travel_eff,0.49787031574025864,True,
20.0,C,59,cot,2.5309480063577676,True,
20.0,C,59,cog_err_rms,0.019986446353801025,True,
20.0,C,59,NF_min,34.67617708653901,True,
30.0,B1,40,slip_mean,nan,False,slide_back
30.0,B1,40,slip_max,nan,False,slide_back
30.0,B1,40,anchor_back_over_stroke,nan,False,slide_back
30.0,B1,40,z_F_mean,nan,False,slide_back
30.0,B1,40,z_R_mean,nan,False,slide_back
30.0,B1,40,travel_eff,nan,False,slide_back
30.0,B1,40,cot,inf,False,slide_back
30.0,B1,40,cog_err_rms,nan,False,slide_back
30.0,B1,40,NF_min,nan,False,slide_back
30.0,B1,41,slip_mean,nan,False,slide_back
30.0,B1,41,slip_max,nan,False,slide_back
30.0,B1,41,anchor_back_over_stroke,nan,False,slide_back
30.0,B1,41,z_F_mean,nan,False,slide_back
30.0,B1,41,z_R_mean,nan,False,slide_back
30.0,B1,41,travel_eff,nan,False,slide_back
30.0,B1,41,cot,inf,False,slide_back
30.0,B1,41,cog_err_rms,nan,False,slide_back
30.0,B1,41,NF_min,nan,False,slide_back
30.0,B1,42,slip_mean,nan,False,slide_back
30.0,B1,42,slip_max,nan,False,slide_back
30.0,B1,42,anchor_back_over_stroke,nan,False,slide_back
30.0,B1,42,z_F_mean,nan,False,slide_back
30.0,B1,42,z_R_mean,nan,False,slide_back
30.0,B1,42,travel_eff,nan,False,slide_back
30.0,B1,42,cot,inf,False,slide_back
30.0,B1,42,cog_err_rms,nan,False,slide_back
30.0,B1,42,NF_min,nan,False,slide_back
30.0,B1,43,slip_mean,nan,False,slide_back
30.0,B1,43,slip_max,nan,False,slide_back
30.0,B1,43,anchor_back_over_stroke,nan,False,slide_back
30.0,B1,43,z_F_mean,nan,False,slide_back
30.0,B1,43,z_R_mean,nan,False,slide_back
30.0,B1,43,travel_eff,nan,False,slide_back
30.0,B1,43,cot,inf,False,slide_back
30.0,B1,43,cog_err_rms,nan,False,slide_back
30.0,B1,43,NF_min,nan,False,slide_back
30.0,B1,44,slip_mean,nan,False,slide_back
30.0,B1,44,slip_max,nan,False,slide_back
30.0,B1,44,anchor_back_over_stroke,nan,False,slide_back
30.0,B1,44,z_F_mean,nan,False,slide_back
30.0,B1,44,z_R_mean,nan,False,slide_back
30.0,B1,44,travel_eff,nan,False,slide_back
30.0,B1,44,cot,inf,False,slide_back
30.0,B1,44,cog_err_rms,nan,False,slide_back
30.0,B1,44,NF_min,nan,False,slide_back
30.0,B1,45,slip_mean,nan,False,slide_back
30.0,B1,45,slip_max,nan,False,slide_back
30.0,B1,45,anchor_back_over_stroke,nan,False,slide_back
30.0,B1,45,z_F_mean,nan,False,slide_back
30.0,B1,45,z_R_mean,nan,False,slide_back
30.0,B1,45,travel_eff,nan,False,slide_back
30.0,B1,45,cot,inf,False,slide_back
30.0,B1,45,cog_err_rms,nan,False,slide_back
30.0,B1,45,NF_min,nan,False,slide_back
30.0,B1,46,slip_mean,nan,False,slide_back
30.0,B1,46,slip_max,nan,False,slide_back
30.0,B1,46,anchor_back_over_stroke,nan,False,slide_back
30.0,B1,46,z_F_mean,nan,False,slide_back
30.0,B1,46,z_R_mean,nan,False,slide_back
30.0,B1,46,travel_eff,nan,False,slide_back
30.0,B1,46,cot,inf,False,slide_back
30.0,B1,46,cog_err_rms,nan,False,slide_back
30.0,B1,46,NF_min,nan,False,slide_back
30.0,B1,47,slip_mean,nan,False,slide_back
30.0,B1,47,slip_max,nan,False,slide_back
30.0,B1,47,anchor_back_over_stroke,nan,False,slide_back
30.0,B1,47,z_F_mean,nan,False,slide_back
30.0,B1,47,z_R_mean,nan,False,slide_back
30.0,B1,47,travel_eff,nan,False,slide_back
30.0,B1,47,cot,inf,False,slide_back
30.0,B1,47,cog_err_rms,nan,False,slide_back
30.0,B1,47,NF_min,nan,False,slide_back
30.0,B1,48,slip_mean,nan,False,slide_back
30.0,B1,48,slip_max,nan,False,slide_back
30.0,B1,48,anchor_back_over_stroke,nan,False,slide_back
30.0,B1,48,z_F_mean,nan,False,slide_back
30.0,B1,48,z_R_mean,nan,False,slide_back
30.0,B1,48,travel_eff,nan,False,slide_back
30.0,B1,48,cot,inf,False,slide_back
30.0,B1,48,cog_err_rms,nan,False,slide_back
30.0,B1,48,NF_min,nan,False,slide_back
30.0,B1,49,slip_mean,nan,False,slide_back
30.0,B1,49,slip_max,nan,False,slide_back
30.0,B1,49,anchor_back_over_stroke,nan,False,slide_back
30.0,B1,49,z_F_mean,nan,False,slide_back
30.0,B1,49,z_R_mean,nan,False,slide_back
30.0,B1,49,travel_eff,nan,False,slide_back
30.0,B1,49,cot,inf,False,slide_back
30.0,B1,49,cog_err_rms,nan,False,slide_back
30.0,B1,49,NF_min,nan,False,slide_back
30.0,B1,50,slip_mean,nan,False,slide_back
30.0,B1,50,slip_max,nan,False,slide_back
30.0,B1,50,anchor_back_over_stroke,nan,False,slide_back
30.0,B1,50,z_F_mean,nan,False,slide_back
30.0,B1,50,z_R_mean,nan,False,slide_back
30.0,B1,50,travel_eff,nan,False,slide_back
30.0,B1,50,cot,inf,False,slide_back
30.0,B1,50,cog_err_rms,nan,False,slide_back
30.0,B1,50,NF_min,nan,False,slide_back
30.0,B1,51,slip_mean,nan,False,slide_back
30.0,B1,51,slip_max,nan,False,slide_back
30.0,B1,51,anchor_back_over_stroke,nan,False,slide_back
30.0,B1,51,z_F_mean,nan,False,slide_back
30.0,B1,51,z_R_mean,nan,False,slide_back
30.0,B1,51,travel_eff,nan,False,slide_back
30.0,B1,51,cot,inf,False,slide_back
30.0,B1,51,cog_err_rms,nan,False,slide_back
30.0,B1,51,NF_min,nan,False,slide_back
30.0,B1,52,slip_mean,nan,False,slide_back
30.0,B1,52,slip_max,nan,False,slide_back
30.0,B1,52,anchor_back_over_stroke,nan,False,slide_back
30.0,B1,52,z_F_mean,nan,False,slide_back
30.0,B1,52,z_R_mean,nan,False,slide_back
30.0,B1,52,travel_eff,nan,False,slide_back
30.0,B1,52,cot,inf,False,slide_back
30.0,B1,52,cog_err_rms,nan,False,slide_back
30.0,B1,52,NF_min,nan,False,slide_back
30.0,B1,53,slip_mean,nan,False,stall_slip
30.0,B1,53,slip_max,nan,False,stall_slip
30.0,B1,53,anchor_back_over_stroke,nan,False,stall_slip
30.0,B1,53,z_F_mean,nan,False,stall_slip
30.0,B1,53,z_R_mean,nan,False,stall_slip
30.0,B1,53,travel_eff,nan,False,stall_slip
30.0,B1,53,cot,inf,False,stall_slip
30.0,B1,53,cog_err_rms,nan,False,stall_slip
30.0,B1,53,NF_min,nan,False,stall_slip
30.0,B1,54,slip_mean,nan,False,slide_back
30.0,B1,54,slip_max,nan,False,slide_back
30.0,B1,54,anchor_back_over_stroke,nan,False,slide_back
30.0,B1,54,z_F_mean,nan,False,slide_back
30.0,B1,54,z_R_mean,nan,False,slide_back
30.0,B1,54,travel_eff,nan,False,slide_back
30.0,B1,54,cot,inf,False,slide_back
30.0,B1,54,cog_err_rms,nan,False,slide_back
30.0,B1,54,NF_min,nan,False,slide_back
30.0,B1,55,slip_mean,nan,False,slide_back
30.0,B1,55,slip_max,nan,False,slide_back
30.0,B1,55,anchor_back_over_stroke,nan,False,slide_back
30.0,B1,55,z_F_mean,nan,False,slide_back
30.0,B1,55,z_R_mean,nan,False,slide_back
30.0,B1,55,travel_eff,nan,False,slide_back
30.0,B1,55,cot,inf,False,slide_back
30.0,B1,55,cog_err_rms,nan,False,slide_back
30.0,B1,55,NF_min,nan,False,slide_back
30.0,B1,56,slip_mean,nan,False,slide_back
30.0,B1,56,slip_max,nan,False,slide_back
30.0,B1,56,anchor_back_over_stroke,nan,False,slide_back
30.0,B1,56,z_F_mean,nan,False,slide_back
30.0,B1,56,z_R_mean,nan,False,slide_back
30.0,B1,56,travel_eff,nan,False,slide_back
30.0,B1,56,cot,inf,False,slide_back
30.0,B1,56,cog_err_rms,nan,False,slide_back
30.0,B1,56,NF_min,nan,False,slide_back
30.0,B1,57,slip_mean,nan,False,slide_back
30.0,B1,57,slip_max,nan,False,slide_back
30.0,B1,57,anchor_back_over_stroke,nan,False,slide_back
30.0,B1,57,z_F_mean,nan,False,slide_back
30.0,B1,57,z_R_mean,nan,False,slide_back
30.0,B1,57,travel_eff,nan,False,slide_back
30.0,B1,57,cot,inf,False,slide_back
30.0,B1,57,cog_err_rms,nan,False,slide_back
30.0,B1,57,NF_min,nan,False,slide_back
30.0,B1,58,slip_mean,nan,False,slide_back
30.0,B1,58,slip_max,nan,False,slide_back
30.0,B1,58,anchor_back_over_stroke,nan,False,slide_back
30.0,B1,58,z_F_mean,nan,False,slide_back
30.0,B1,58,z_R_mean,nan,False,slide_back
30.0,B1,58,travel_eff,nan,False,slide_back
30.0,B1,58,cot,inf,False,slide_back
30.0,B1,58,cog_err_rms,nan,False,slide_back
30.0,B1,58,NF_min,nan,False,slide_back
30.0,B1,59,slip_mean,nan,False,slide_back
30.0,B1,59,slip_max,nan,False,slide_back
30.0,B1,59,anchor_back_over_stroke,nan,False,slide_back
30.0,B1,59,z_F_mean,nan,False,slide_back
30.0,B1,59,z_R_mean,nan,False,slide_back
30.0,B1,59,travel_eff,nan,False,slide_back
30.0,B1,59,cot,inf,False,slide_back
30.0,B1,59,cog_err_rms,nan,False,slide_back
30.0,B1,59,NF_min,nan,False,slide_back
30.0,B2,40,slip_mean,nan,False,slide_back
30.0,B2,40,slip_max,nan,False,slide_back
30.0,B2,40,anchor_back_over_stroke,nan,False,slide_back
30.0,B2,40,z_F_mean,nan,False,slide_back
30.0,B2,40,z_R_mean,nan,False,slide_back
30.0,B2,40,travel_eff,nan,False,slide_back
30.0,B2,40,cot,inf,False,slide_back
30.0,B2,40,cog_err_rms,nan,False,slide_back
30.0,B2,40,NF_min,nan,False,slide_back
30.0,B2,41,slip_mean,0.2744101388733219,True,
30.0,B2,41,slip_max,1.0,True,
30.0,B2,41,anchor_back_over_stroke,0.5070389386089285,True,
30.0,B2,41,z_F_mean,0.010130797363545229,True,
30.0,B2,41,z_R_mean,0.020813132918617867,True,
30.0,B2,41,travel_eff,0.5815830104608634,True,
30.0,B2,41,cot,2.8328520574785343,True,
30.0,B2,41,cog_err_rms,0.0,True,
30.0,B2,41,NF_min,13.19924813744322,True,
30.0,B2,42,slip_mean,0.3665414457608923,True,
30.0,B2,42,slip_max,1.0,True,
30.0,B2,42,anchor_back_over_stroke,1.1314800213620924,True,
30.0,B2,42,z_F_mean,0.006784090324551675,True,
30.0,B2,42,z_R_mean,0.01443927345337457,True,
30.0,B2,42,travel_eff,0.2925566055898667,True,
30.0,B2,42,cot,4.9354251043528645,True,
30.0,B2,42,cog_err_rms,0.0,True,
30.0,B2,42,NF_min,15.75788587396946,True,
30.0,B2,43,slip_mean,nan,False,slide_back
30.0,B2,43,slip_max,nan,False,slide_back
30.0,B2,43,anchor_back_over_stroke,nan,False,slide_back
30.0,B2,43,z_F_mean,nan,False,slide_back
30.0,B2,43,z_R_mean,nan,False,slide_back
30.0,B2,43,travel_eff,nan,False,slide_back
30.0,B2,43,cot,inf,False,slide_back
30.0,B2,43,cog_err_rms,nan,False,slide_back
30.0,B2,43,NF_min,nan,False,slide_back
30.0,B2,44,slip_mean,nan,False,slide_back
30.0,B2,44,slip_max,nan,False,slide_back
30.0,B2,44,anchor_back_over_stroke,nan,False,slide_back
30.0,B2,44,z_F_mean,nan,False,slide_back
30.0,B2,44,z_R_mean,nan,False,slide_back
30.0,B2,44,travel_eff,nan,False,slide_back
30.0,B2,44,cot,inf,False,slide_back
30.0,B2,44,cog_err_rms,nan,False,slide_back
30.0,B2,44,NF_min,nan,False,slide_back
30.0,B2,45,slip_mean,nan,False,slide_back
30.0,B2,45,slip_max,nan,False,slide_back
30.0,B2,45,anchor_back_over_stroke,nan,False,slide_back
30.0,B2,45,z_F_mean,nan,False,slide_back
30.0,B2,45,z_R_mean,nan,False,slide_back
30.0,B2,45,travel_eff,nan,False,slide_back
30.0,B2,45,cot,inf,False,slide_back
30.0,B2,45,cog_err_rms,nan,False,slide_back
30.0,B2,45,NF_min,nan,False,slide_back
30.0,B2,46,slip_mean,nan,False,slide_back
30.0,B2,46,slip_max,nan,False,slide_back
30.0,B2,46,anchor_back_over_stroke,nan,False,slide_back
30.0,B2,46,z_F_mean,nan,False,slide_back
30.0,B2,46,z_R_mean,nan,False,slide_back
30.0,B2,46,travel_eff,nan,False,slide_back
30.0,B2,46,cot,inf,False,slide_back
30.0,B2,46,cog_err_rms,nan,False,slide_back
30.0,B2,46,NF_min,nan,False,slide_back
30.0,B2,47,slip_mean,nan,False,slide_back
30.0,B2,47,slip_max,nan,False,slide_back
30.0,B2,47,anchor_back_over_stroke,nan,False,slide_back
30.0,B2,47,z_F_mean,nan,False,slide_back
30.0,B2,47,z_R_mean,nan,False,slide_back
30.0,B2,47,travel_eff,nan,False,slide_back
30.0,B2,47,cot,inf,False,slide_back
30.0,B2,47,cog_err_rms,nan,False,slide_back
30.0,B2,47,NF_min,nan,False,slide_back
30.0,B2,48,slip_mean,nan,False,slide_back
30.0,B2,48,slip_max,nan,False,slide_back
30.0,B2,48,anchor_back_over_stroke,nan,False,slide_back
30.0,B2,48,z_F_mean,nan,False,slide_back
30.0,B2,48,z_R_mean,nan,False,slide_back
30.0,B2,48,travel_eff,nan,False,slide_back
30.0,B2,48,cot,inf,False,slide_back
30.0,B2,48,cog_err_rms,nan,False,slide_back
30.0,B2,48,NF_min,nan,False,slide_back
30.0,B2,49,slip_mean,nan,False,slide_back
30.0,B2,49,slip_max,nan,False,slide_back
30.0,B2,49,anchor_back_over_stroke,nan,False,slide_back
30.0,B2,49,z_F_mean,nan,False,slide_back
30.0,B2,49,z_R_mean,nan,False,slide_back
30.0,B2,49,travel_eff,nan,False,slide_back
30.0,B2,49,cot,inf,False,slide_back
30.0,B2,49,cog_err_rms,nan,False,slide_back
30.0,B2,49,NF_min,nan,False,slide_back
30.0,B2,50,slip_mean,nan,False,slide_back
30.0,B2,50,slip_max,nan,False,slide_back
30.0,B2,50,anchor_back_over_stroke,nan,False,slide_back
30.0,B2,50,z_F_mean,nan,False,slide_back
30.0,B2,50,z_R_mean,nan,False,slide_back
30.0,B2,50,travel_eff,nan,False,slide_back
30.0,B2,50,cot,inf,False,slide_back
30.0,B2,50,cog_err_rms,nan,False,slide_back
30.0,B2,50,NF_min,nan,False,slide_back
30.0,B2,51,slip_mean,nan,False,slide_back
30.0,B2,51,slip_max,nan,False,slide_back
30.0,B2,51,anchor_back_over_stroke,nan,False,slide_back
30.0,B2,51,z_F_mean,nan,False,slide_back
30.0,B2,51,z_R_mean,nan,False,slide_back
30.0,B2,51,travel_eff,nan,False,slide_back
30.0,B2,51,cot,inf,False,slide_back
30.0,B2,51,cog_err_rms,nan,False,slide_back
30.0,B2,51,NF_min,nan,False,slide_back
30.0,B2,52,slip_mean,0.30682234948369697,True,
30.0,B2,52,slip_max,1.0,True,
30.0,B2,52,anchor_back_over_stroke,0.5510927860246172,True,
30.0,B2,52,z_F_mean,0.011977660925942768,True,
30.0,B2,52,z_R_mean,0.02510368193633468,True,
30.0,B2,52,travel_eff,0.5355703242932167,True,
30.0,B2,52,cot,3.173284379257798,True,
30.0,B2,52,cog_err_rms,0.0,True,
30.0,B2,52,NF_min,13.18668937155257,True,
30.0,B2,53,slip_mean,0.5380930685244868,True,
30.0,B2,53,slip_max,1.0,True,
30.0,B2,53,anchor_back_over_stroke,1.5846636280247328,True,
30.0,B2,53,z_F_mean,0.007200600410687279,True,
30.0,B2,53,z_R_mean,0.015741278337500646,True,
30.0,B2,53,travel_eff,0.09521964236872545,True,
30.0,B2,53,cot,13.681142106085833,True,
30.0,B2,53,cog_err_rms,0.0,True,
30.0,B2,53,NF_min,18.680803434978852,True,
30.0,B2,54,slip_mean,nan,False,slide_back
30.0,B2,54,slip_max,nan,False,slide_back
30.0,B2,54,anchor_back_over_stroke,nan,False,slide_back
30.0,B2,54,z_F_mean,nan,False,slide_back
30.0,B2,54,z_R_mean,nan,False,slide_back
30.0,B2,54,travel_eff,nan,False,slide_back
30.0,B2,54,cot,inf,False,slide_back
30.0,B2,54,cog_err_rms,nan,False,slide_back
30.0,B2,54,NF_min,nan,False,slide_back
30.0,B2,55,slip_mean,nan,False,slide_back
30.0,B2,55,slip_max,nan,False,slide_back
30.0,B2,55,anchor_back_over_stroke,nan,False,slide_back
30.0,B2,55,z_F_mean,nan,False,slide_back
30.0,B2,55,z_R_mean,nan,False,slide_back
30.0,B2,55,travel_eff,nan,False,slide_back
30.0,B2,55,cot,inf,False,slide_back
30.0,B2,55,cog_err_rms,nan,False,slide_back
30.0,B2,55,NF_min,nan,False,slide_back
30.0,B2,56,slip_mean,nan,False,slide_back
30.0,B2,56,slip_max,nan,False,slide_back
30.0,B2,56,anchor_back_over_stroke,nan,False,slide_back
30.0,B2,56,z_F_mean,nan,False,slide_back
30.0,B2,56,z_R_mean,nan,False,slide_back
30.0,B2,56,travel_eff,nan,False,slide_back
30.0,B2,56,cot,inf,False,slide_back
30.0,B2,56,cog_err_rms,nan,False,slide_back
30.0,B2,56,NF_min,nan,False,slide_back
30.0,B2,57,slip_mean,nan,False,slide_back
30.0,B2,57,slip_max,nan,False,slide_back
30.0,B2,57,anchor_back_over_stroke,nan,False,slide_back
30.0,B2,57,z_F_mean,nan,False,slide_back
30.0,B2,57,z_R_mean,nan,False,slide_back
30.0,B2,57,travel_eff,nan,False,slide_back
30.0,B2,57,cot,inf,False,slide_back
30.0,B2,57,cog_err_rms,nan,False,slide_back
30.0,B2,57,NF_min,nan,False,slide_back
30.0,B2,58,slip_mean,nan,False,slide_back
30.0,B2,58,slip_max,nan,False,slide_back
30.0,B2,58,anchor_back_over_stroke,nan,False,slide_back
30.0,B2,58,z_F_mean,nan,False,slide_back
30.0,B2,58,z_R_mean,nan,False,slide_back
30.0,B2,58,travel_eff,nan,False,slide_back
30.0,B2,58,cot,inf,False,slide_back
30.0,B2,58,cog_err_rms,nan,False,slide_back
30.0,B2,58,NF_min,nan,False,slide_back
30.0,B2,59,slip_mean,nan,False,slide_back
30.0,B2,59,slip_max,nan,False,slide_back
30.0,B2,59,anchor_back_over_stroke,nan,False,slide_back
30.0,B2,59,z_F_mean,nan,False,slide_back
30.0,B2,59,z_R_mean,nan,False,slide_back
30.0,B2,59,travel_eff,nan,False,slide_back
30.0,B2,59,cot,inf,False,slide_back
30.0,B2,59,cog_err_rms,nan,False,slide_back
30.0,B2,59,NF_min,nan,False,slide_back
30.0,B3,40,slip_mean,nan,False,slide_back
30.0,B3,40,slip_max,nan,False,slide_back
30.0,B3,40,anchor_back_over_stroke,nan,False,slide_back
30.0,B3,40,z_F_mean,nan,False,slide_back
30.0,B3,40,z_R_mean,nan,False,slide_back
30.0,B3,40,travel_eff,nan,False,slide_back
30.0,B3,40,cot,inf,False,slide_back
30.0,B3,40,cog_err_rms,nan,False,slide_back
30.0,B3,40,NF_min,nan,False,slide_back
30.0,B3,41,slip_mean,0.2740842487285924,True,
30.0,B3,41,slip_max,1.0,True,
30.0,B3,41,anchor_back_over_stroke,0.3336692748472341,True,
30.0,B3,41,z_F_mean,0.012441846634106808,True,
30.0,B3,41,z_R_mean,0.019394611541843156,True,
30.0,B3,41,travel_eff,0.632131413185627,True,
30.0,B3,41,cot,2.7284973359912184,True,
30.0,B3,41,cog_err_rms,0.0,True,
30.0,B3,41,NF_min,20.08684603230913,True,
30.0,B3,42,slip_mean,0.3523056366135157,True,
30.0,B3,42,slip_max,1.0,True,
30.0,B3,42,anchor_back_over_stroke,0.7990320394886787,True,
30.0,B3,42,z_F_mean,0.008378619982332289,True,
30.0,B3,42,z_R_mean,0.013359958093716276,True,
30.0,B3,42,travel_eff,0.42818011091760677,True,
30.0,B3,42,cot,3.606644774006286,True,
30.0,B3,42,cog_err_rms,0.0,True,
30.0,B3,42,NF_min,20.357406408674,True,
30.0,B3,43,slip_mean,nan,False,stall_advance
30.0,B3,43,slip_max,nan,False,stall_advance
30.0,B3,43,anchor_back_over_stroke,nan,False,stall_advance
30.0,B3,43,z_F_mean,nan,False,stall_advance
30.0,B3,43,z_R_mean,nan,False,stall_advance
30.0,B3,43,travel_eff,nan,False,stall_advance
30.0,B3,43,cot,inf,False,stall_advance
30.0,B3,43,cog_err_rms,nan,False,stall_advance
30.0,B3,43,NF_min,nan,False,stall_advance
30.0,B3,44,slip_mean,nan,False,slide_back
30.0,B3,44,slip_max,nan,False,slide_back
30.0,B3,44,anchor_back_over_stroke,nan,False,slide_back
30.0,B3,44,z_F_mean,nan,False,slide_back
30.0,B3,44,z_R_mean,nan,False,slide_back
30.0,B3,44,travel_eff,nan,False,slide_back
30.0,B3,44,cot,inf,False,slide_back
30.0,B3,44,cog_err_rms,nan,False,slide_back
30.0,B3,44,NF_min,nan,False,slide_back
30.0,B3,45,slip_mean,nan,False,slide_back
30.0,B3,45,slip_max,nan,False,slide_back
30.0,B3,45,anchor_back_over_stroke,nan,False,slide_back
30.0,B3,45,z_F_mean,nan,False,slide_back
30.0,B3,45,z_R_mean,nan,False,slide_back
30.0,B3,45,travel_eff,nan,False,slide_back
30.0,B3,45,cot,inf,False,slide_back
30.0,B3,45,cog_err_rms,nan,False,slide_back
30.0,B3,45,NF_min,nan,False,slide_back
30.0,B3,46,slip_mean,nan,False,slide_back
30.0,B3,46,slip_max,nan,False,slide_back
30.0,B3,46,anchor_back_over_stroke,nan,False,slide_back
30.0,B3,46,z_F_mean,nan,False,slide_back
30.0,B3,46,z_R_mean,nan,False,slide_back
30.0,B3,46,travel_eff,nan,False,slide_back
30.0,B3,46,cot,inf,False,slide_back
30.0,B3,46,cog_err_rms,nan,False,slide_back
30.0,B3,46,NF_min,nan,False,slide_back
30.0,B3,47,slip_mean,nan,False,slide_back
30.0,B3,47,slip_max,nan,False,slide_back
30.0,B3,47,anchor_back_over_stroke,nan,False,slide_back
30.0,B3,47,z_F_mean,nan,False,slide_back
30.0,B3,47,z_R_mean,nan,False,slide_back
30.0,B3,47,travel_eff,nan,False,slide_back
30.0,B3,47,cot,inf,False,slide_back
30.0,B3,47,cog_err_rms,nan,False,slide_back
30.0,B3,47,NF_min,nan,False,slide_back
30.0,B3,48,slip_mean,nan,False,slide_back
30.0,B3,48,slip_max,nan,False,slide_back
30.0,B3,48,anchor_back_over_stroke,nan,False,slide_back
30.0,B3,48,z_F_mean,nan,False,slide_back
30.0,B3,48,z_R_mean,nan,False,slide_back
30.0,B3,48,travel_eff,nan,False,slide_back
30.0,B3,48,cot,inf,False,slide_back
30.0,B3,48,cog_err_rms,nan,False,slide_back
30.0,B3,48,NF_min,nan,False,slide_back
30.0,B3,49,slip_mean,nan,False,slide_back
30.0,B3,49,slip_max,nan,False,slide_back
30.0,B3,49,anchor_back_over_stroke,nan,False,slide_back
30.0,B3,49,z_F_mean,nan,False,slide_back
30.0,B3,49,z_R_mean,nan,False,slide_back
30.0,B3,49,travel_eff,nan,False,slide_back
30.0,B3,49,cot,inf,False,slide_back
30.0,B3,49,cog_err_rms,nan,False,slide_back
30.0,B3,49,NF_min,nan,False,slide_back
30.0,B3,50,slip_mean,nan,False,slide_back
30.0,B3,50,slip_max,nan,False,slide_back
30.0,B3,50,anchor_back_over_stroke,nan,False,slide_back
30.0,B3,50,z_F_mean,nan,False,slide_back
30.0,B3,50,z_R_mean,nan,False,slide_back
30.0,B3,50,travel_eff,nan,False,slide_back
30.0,B3,50,cot,inf,False,slide_back
30.0,B3,50,cog_err_rms,nan,False,slide_back
30.0,B3,50,NF_min,nan,False,slide_back
30.0,B3,51,slip_mean,nan,False,slide_back
30.0,B3,51,slip_max,nan,False,slide_back
30.0,B3,51,anchor_back_over_stroke,nan,False,slide_back
30.0,B3,51,z_F_mean,nan,False,slide_back
30.0,B3,51,z_R_mean,nan,False,slide_back
30.0,B3,51,travel_eff,nan,False,slide_back
30.0,B3,51,cot,inf,False,slide_back
30.0,B3,51,cog_err_rms,nan,False,slide_back
30.0,B3,51,NF_min,nan,False,slide_back
30.0,B3,52,slip_mean,0.2964366545512194,True,
30.0,B3,52,slip_max,1.0,True,
30.0,B3,52,anchor_back_over_stroke,0.34472963670780554,True,
30.0,B3,52,z_F_mean,0.014738916336421545,True,
30.0,B3,52,z_R_mean,0.023353465785487602,True,
30.0,B3,52,travel_eff,0.6054866972767033,True,
30.0,B3,52,cot,2.9745249232622264,True,
30.0,B3,52,cog_err_rms,0.0,True,
30.0,B3,52,NF_min,18.26022441897571,True,
30.0,B3,53,slip_mean,0.5005804659044855,True,
30.0,B3,53,slip_max,1.0,True,
30.0,B3,53,anchor_back_over_stroke,1.2826946879697352,True,
30.0,B3,53,z_F_mean,0.008946002154490665,True,
30.0,B3,53,z_R_mean,0.014544391401014227,True,
30.0,B3,53,travel_eff,0.2147777569340542,True,
30.0,B3,53,cot,6.122938271257667,True,
30.0,B3,53,cog_err_rms,0.0,True,
30.0,B3,53,NF_min,26.93726244413695,True,
30.0,B3,54,slip_mean,nan,False,slide_back
30.0,B3,54,slip_max,nan,False,slide_back
30.0,B3,54,anchor_back_over_stroke,nan,False,slide_back
30.0,B3,54,z_F_mean,nan,False,slide_back
30.0,B3,54,z_R_mean,nan,False,slide_back
30.0,B3,54,travel_eff,nan,False,slide_back
30.0,B3,54,cot,inf,False,slide_back
30.0,B3,54,cog_err_rms,nan,False,slide_back
30.0,B3,54,NF_min,nan,False,slide_back
30.0,B3,55,slip_mean,nan,False,slide_back
30.0,B3,55,slip_max,nan,False,slide_back
30.0,B3,55,anchor_back_over_stroke,nan,False,slide_back
30.0,B3,55,z_F_mean,nan,False,slide_back
30.0,B3,55,z_R_mean,nan,False,slide_back
30.0,B3,55,travel_eff,nan,False,slide_back
30.0,B3,55,cot,inf,False,slide_back
30.0,B3,55,cog_err_rms,nan,False,slide_back
30.0,B3,55,NF_min,nan,False,slide_back
30.0,B3,56,slip_mean,0.4911585632567052,True,
30.0,B3,56,slip_max,1.0,True,
30.0,B3,56,anchor_back_over_stroke,1.5686802312899504,True,
30.0,B3,56,z_F_mean,0.011209979910283666,True,
30.0,B3,56,z_R_mean,0.018196669202949663,True,
30.0,B3,56,travel_eff,0.0819594151946503,True,
30.0,B3,56,cot,17.735761678358095,True,
30.0,B3,56,cog_err_rms,0.0,True,
30.0,B3,56,NF_min,25.099541020116398,True,
30.0,B3,57,slip_mean,nan,False,stall_advance
30.0,B3,57,slip_max,nan,False,stall_advance
30.0,B3,57,anchor_back_over_stroke,nan,False,stall_advance
30.0,B3,57,z_F_mean,nan,False,stall_advance
30.0,B3,57,z_R_mean,nan,False,stall_advance
30.0,B3,57,travel_eff,nan,False,stall_advance
30.0,B3,57,cot,inf,False,stall_advance
30.0,B3,57,cog_err_rms,nan,False,stall_advance
30.0,B3,57,NF_min,nan,False,stall_advance
30.0,B3,58,slip_mean,nan,False,slide_back
30.0,B3,58,slip_max,nan,False,slide_back
30.0,B3,58,anchor_back_over_stroke,nan,False,slide_back
30.0,B3,58,z_F_mean,nan,False,slide_back
30.0,B3,58,z_R_mean,nan,False,slide_back
30.0,B3,58,travel_eff,nan,False,slide_back
30.0,B3,58,cot,inf,False,slide_back
30.0,B3,58,cog_err_rms,nan,False,slide_back
30.0,B3,58,NF_min,nan,False,slide_back
30.0,B3,59,slip_mean,nan,False,stall_advance
30.0,B3,59,slip_max,nan,False,stall_advance
30.0,B3,59,anchor_back_over_stroke,nan,False,stall_advance
30.0,B3,59,z_F_mean,nan,False,stall_advance
30.0,B3,59,z_R_mean,nan,False,stall_advance
30.0,B3,59,travel_eff,nan,False,stall_advance
30.0,B3,59,cot,inf,False,stall_advance
30.0,B3,59,cog_err_rms,nan,False,stall_advance
30.0,B3,59,NF_min,nan,False,stall_advance
30.0,A,40,slip_mean,nan,False,slide_back
30.0,A,40,slip_max,nan,False,slide_back
30.0,A,40,anchor_back_over_stroke,nan,False,slide_back
30.0,A,40,z_F_mean,nan,False,slide_back
30.0,A,40,z_R_mean,nan,False,slide_back
30.0,A,40,travel_eff,nan,False,slide_back
30.0,A,40,cot,inf,False,slide_back
30.0,A,40,cog_err_rms,nan,False,slide_back
30.0,A,40,NF_min,nan,False,slide_back
30.0,A,41,slip_mean,0.2700984894460989,True,
30.0,A,41,slip_max,1.0,True,
30.0,A,41,anchor_back_over_stroke,0.363292947728966,True,
30.0,A,41,z_F_mean,0.01188514764709504,True,
30.0,A,41,z_R_mean,0.019756273219097065,True,
30.0,A,41,travel_eff,0.625145617216202,True,
30.0,A,41,cot,2.785022504194161,True,
30.0,A,41,cog_err_rms,0.0020052974733427544,True,
30.0,A,41,NF_min,17.700414249654102,True,
30.0,A,42,slip_mean,0.35785611732340744,True,
30.0,A,42,slip_max,1.0,True,
30.0,A,42,anchor_back_over_stroke,0.8718140389363273,True,
30.0,A,42,z_F_mean,0.007991344794510559,True,
30.0,A,42,z_R_mean,0.013634251136415317,True,
30.0,A,42,travel_eff,0.3978647720926505,True,
30.0,A,42,cot,3.99211640141524,True,
30.0,A,42,cog_err_rms,0.0020052974733427544,True,
30.0,A,42,NF_min,18.782571611413484,True,
30.0,A,43,slip_mean,nan,False,slide_back
30.0,A,43,slip_max,nan,False,slide_back
30.0,A,43,anchor_back_over_stroke,nan,False,slide_back
30.0,A,43,z_F_mean,nan,False,slide_back
30.0,A,43,z_R_mean,nan,False,slide_back
30.0,A,43,travel_eff,nan,False,slide_back
30.0,A,43,cot,inf,False,slide_back
30.0,A,43,cog_err_rms,nan,False,slide_back
30.0,A,43,NF_min,nan,False,slide_back
30.0,A,44,slip_mean,nan,False,slide_back
30.0,A,44,slip_max,nan,False,slide_back
30.0,A,44,anchor_back_over_stroke,nan,False,slide_back
30.0,A,44,z_F_mean,nan,False,slide_back
30.0,A,44,z_R_mean,nan,False,slide_back
30.0,A,44,travel_eff,nan,False,slide_back
30.0,A,44,cot,inf,False,slide_back
30.0,A,44,cog_err_rms,nan,False,slide_back
30.0,A,44,NF_min,nan,False,slide_back
30.0,A,45,slip_mean,nan,False,slide_back
30.0,A,45,slip_max,nan,False,slide_back
30.0,A,45,anchor_back_over_stroke,nan,False,slide_back
30.0,A,45,z_F_mean,nan,False,slide_back
30.0,A,45,z_R_mean,nan,False,slide_back
30.0,A,45,travel_eff,nan,False,slide_back
30.0,A,45,cot,inf,False,slide_back
30.0,A,45,cog_err_rms,nan,False,slide_back
30.0,A,45,NF_min,nan,False,slide_back
30.0,A,46,slip_mean,nan,False,slide_back
30.0,A,46,slip_max,nan,False,slide_back
30.0,A,46,anchor_back_over_stroke,nan,False,slide_back
30.0,A,46,z_F_mean,nan,False,slide_back
30.0,A,46,z_R_mean,nan,False,slide_back
30.0,A,46,travel_eff,nan,False,slide_back
30.0,A,46,cot,inf,False,slide_back
30.0,A,46,cog_err_rms,nan,False,slide_back
30.0,A,46,NF_min,nan,False,slide_back
30.0,A,47,slip_mean,nan,False,slide_back
30.0,A,47,slip_max,nan,False,slide_back
30.0,A,47,anchor_back_over_stroke,nan,False,slide_back
30.0,A,47,z_F_mean,nan,False,slide_back
30.0,A,47,z_R_mean,nan,False,slide_back
30.0,A,47,travel_eff,nan,False,slide_back
30.0,A,47,cot,inf,False,slide_back
30.0,A,47,cog_err_rms,nan,False,slide_back
30.0,A,47,NF_min,nan,False,slide_back
30.0,A,48,slip_mean,nan,False,slide_back
30.0,A,48,slip_max,nan,False,slide_back
30.0,A,48,anchor_back_over_stroke,nan,False,slide_back
30.0,A,48,z_F_mean,nan,False,slide_back
30.0,A,48,z_R_mean,nan,False,slide_back
30.0,A,48,travel_eff,nan,False,slide_back
30.0,A,48,cot,inf,False,slide_back
30.0,A,48,cog_err_rms,nan,False,slide_back
30.0,A,48,NF_min,nan,False,slide_back
30.0,A,49,slip_mean,nan,False,slide_back
30.0,A,49,slip_max,nan,False,slide_back
30.0,A,49,anchor_back_over_stroke,nan,False,slide_back
30.0,A,49,z_F_mean,nan,False,slide_back
30.0,A,49,z_R_mean,nan,False,slide_back
30.0,A,49,travel_eff,nan,False,slide_back
30.0,A,49,cot,inf,False,slide_back
30.0,A,49,cog_err_rms,nan,False,slide_back
30.0,A,49,NF_min,nan,False,slide_back
30.0,A,50,slip_mean,nan,False,slide_back
30.0,A,50,slip_max,nan,False,slide_back
30.0,A,50,anchor_back_over_stroke,nan,False,slide_back
30.0,A,50,z_F_mean,nan,False,slide_back
30.0,A,50,z_R_mean,nan,False,slide_back
30.0,A,50,travel_eff,nan,False,slide_back
30.0,A,50,cot,inf,False,slide_back
30.0,A,50,cog_err_rms,nan,False,slide_back
30.0,A,50,NF_min,nan,False,slide_back
30.0,A,51,slip_mean,nan,False,slide_back
30.0,A,51,slip_max,nan,False,slide_back
30.0,A,51,anchor_back_over_stroke,nan,False,slide_back
30.0,A,51,z_F_mean,nan,False,slide_back
30.0,A,51,z_R_mean,nan,False,slide_back
30.0,A,51,travel_eff,nan,False,slide_back
30.0,A,51,cot,inf,False,slide_back
30.0,A,51,cog_err_rms,nan,False,slide_back
30.0,A,51,NF_min,nan,False,slide_back
30.0,A,52,slip_mean,0.2941185880168673,True,
30.0,A,52,slip_max,1.0,True,
30.0,A,52,anchor_back_over_stroke,0.35998581148492903,True,
30.0,A,52,z_F_mean,0.014082816339505913,True,
30.0,A,52,z_R_mean,0.023812926844099587,True,
30.0,A,52,travel_eff,0.6015419565126522,True,
30.0,A,52,cot,3.030952078678941,True,
30.0,A,52,cog_err_rms,0.0020052974733427544,True,
30.0,A,52,NF_min,16.374738695676985,True,
30.0,A,53,slip_mean,0.5078430583540199,True,
30.0,A,53,slip_max,1.0,True,
30.0,A,53,anchor_back_over_stroke,1.3451314155274074,True,
30.0,A,53,z_F_mean,0.008526691947817801,True,
30.0,A,53,z_R_mean,0.014851866018201416,True,
30.0,A,53,travel_eff,0.1911883091620266,True,
30.0,A,53,cot,7.228746191994369,True,
30.0,A,53,cog_err_rms,0.0020052974733427544,True,
30.0,A,53,NF_min,23.847838196164584,True,
30.0,A,54,slip_mean,nan,False,slide_back
30.0,A,54,slip_max,nan,False,slide_back
30.0,A,54,anchor_back_over_stroke,nan,False,slide_back
30.0,A,54,z_F_mean,nan,False,slide_back
30.0,A,54,z_R_mean,nan,False,slide_back
30.0,A,54,travel_eff,nan,False,slide_back
30.0,A,54,cot,inf,False,slide_back
30.0,A,54,cog_err_rms,nan,False,slide_back
30.0,A,54,NF_min,nan,False,slide_back
30.0,A,55,slip_mean,nan,False,slide_back
30.0,A,55,slip_max,nan,False,slide_back
30.0,A,55,anchor_back_over_stroke,nan,False,slide_back
30.0,A,55,z_F_mean,nan,False,slide_back
30.0,A,55,z_R_mean,nan,False,slide_back
30.0,A,55,travel_eff,nan,False,slide_back
30.0,A,55,cot,inf,False,slide_back
30.0,A,55,cog_err_rms,nan,False,slide_back
30.0,A,55,NF_min,nan,False,slide_back
30.0,A,56,slip_mean,nan,False,slide_back
30.0,A,56,slip_max,nan,False,slide_back
30.0,A,56,anchor_back_over_stroke,nan,False,slide_back
30.0,A,56,z_F_mean,nan,False,slide_back
30.0,A,56,z_R_mean,nan,False,slide_back
30.0,A,56,travel_eff,nan,False,slide_back
30.0,A,56,cot,inf,False,slide_back
30.0,A,56,cog_err_rms,nan,False,slide_back
30.0,A,56,NF_min,nan,False,slide_back
30.0,A,57,slip_mean,nan,False,slide_back
30.0,A,57,slip_max,nan,False,slide_back
30.0,A,57,anchor_back_over_stroke,nan,False,slide_back
30.0,A,57,z_F_mean,nan,False,slide_back
30.0,A,57,z_R_mean,nan,False,slide_back
30.0,A,57,travel_eff,nan,False,slide_back
30.0,A,57,cot,inf,False,slide_back
30.0,A,57,cog_err_rms,nan,False,slide_back
30.0,A,57,NF_min,nan,False,slide_back
30.0,A,58,slip_mean,nan,False,slide_back
30.0,A,58,slip_max,nan,False,slide_back
30.0,A,58,anchor_back_over_stroke,nan,False,slide_back
30.0,A,58,z_F_mean,nan,False,slide_back
30.0,A,58,z_R_mean,nan,False,slide_back
30.0,A,58,travel_eff,nan,False,slide_back
30.0,A,58,cot,inf,False,slide_back
30.0,A,58,cog_err_rms,nan,False,slide_back
30.0,A,58,NF_min,nan,False,slide_back
30.0,A,59,slip_mean,nan,False,slide_back
30.0,A,59,slip_max,nan,False,slide_back
30.0,A,59,anchor_back_over_stroke,nan,False,slide_back
30.0,A,59,z_F_mean,nan,False,slide_back
30.0,A,59,z_R_mean,nan,False,slide_back
30.0,A,59,travel_eff,nan,False,slide_back
30.0,A,59,cot,inf,False,slide_back
30.0,A,59,cog_err_rms,nan,False,slide_back
30.0,A,59,NF_min,nan,False,slide_back
30.0,C,40,slip_mean,nan,False,slide_back
30.0,C,40,slip_max,nan,False,slide_back
30.0,C,40,anchor_back_over_stroke,nan,False,slide_back
30.0,C,40,z_F_mean,nan,False,slide_back
30.0,C,40,z_R_mean,nan,False,slide_back
30.0,C,40,travel_eff,nan,False,slide_back
30.0,C,40,cot,inf,False,slide_back
30.0,C,40,cog_err_rms,nan,False,slide_back
30.0,C,40,NF_min,nan,False,slide_back
30.0,C,41,slip_mean,0.2740842487285924,True,
30.0,C,41,slip_max,1.0,True,
30.0,C,41,anchor_back_over_stroke,0.3336692748472341,True,
30.0,C,41,z_F_mean,0.012441846634106808,True,
30.0,C,41,z_R_mean,0.019394611541843156,True,
30.0,C,41,travel_eff,0.632131413185627,True,
30.0,C,41,cot,2.7284973359912184,True,
30.0,C,41,cog_err_rms,0.0009800602563263495,True,
30.0,C,41,NF_min,20.08684603230913,True,
30.0,C,42,slip_mean,0.3517207786228431,True,
30.0,C,42,slip_max,1.0,True,
30.0,C,42,anchor_back_over_stroke,0.7983097663273776,True,
30.0,C,42,z_F_mean,0.008352943132291159,True,
30.0,C,42,z_R_mean,0.013374415508155447,True,
30.0,C,42,travel_eff,0.4283296301287866,True,
30.0,C,42,cot,3.6198379109355563,True,
30.0,C,42,cog_err_rms,0.0009582031826006853,True,
30.0,C,42,NF_min,20.289436945624818,True,
30.0,C,43,slip_mean,nan,False,stall_advance
30.0,C,43,slip_max,nan,False,stall_advance
30.0,C,43,anchor_back_over_stroke,nan,False,stall_advance
30.0,C,43,z_F_mean,nan,False,stall_advance
30.0,C,43,z_R_mean,nan,False,stall_advance
30.0,C,43,travel_eff,nan,False,stall_advance
30.0,C,43,cot,inf,False,stall_advance
30.0,C,43,cog_err_rms,nan,False,stall_advance
30.0,C,43,NF_min,nan,False,stall_advance
30.0,C,44,slip_mean,nan,False,slide_back
30.0,C,44,slip_max,nan,False,slide_back
30.0,C,44,anchor_back_over_stroke,nan,False,slide_back
30.0,C,44,z_F_mean,nan,False,slide_back
30.0,C,44,z_R_mean,nan,False,slide_back
30.0,C,44,travel_eff,nan,False,slide_back
30.0,C,44,cot,inf,False,slide_back
30.0,C,44,cog_err_rms,nan,False,slide_back
30.0,C,44,NF_min,nan,False,slide_back
30.0,C,45,slip_mean,nan,False,slide_back
30.0,C,45,slip_max,nan,False,slide_back
30.0,C,45,anchor_back_over_stroke,nan,False,slide_back
30.0,C,45,z_F_mean,nan,False,slide_back
30.0,C,45,z_R_mean,nan,False,slide_back
30.0,C,45,travel_eff,nan,False,slide_back
30.0,C,45,cot,inf,False,slide_back
30.0,C,45,cog_err_rms,nan,False,slide_back
30.0,C,45,NF_min,nan,False,slide_back
30.0,C,46,slip_mean,nan,False,slide_back
30.0,C,46,slip_max,nan,False,slide_back
30.0,C,46,anchor_back_over_stroke,nan,False,slide_back
30.0,C,46,z_F_mean,nan,False,slide_back
30.0,C,46,z_R_mean,nan,False,slide_back
30.0,C,46,travel_eff,nan,False,slide_back
30.0,C,46,cot,inf,False,slide_back
30.0,C,46,cog_err_rms,nan,False,slide_back
30.0,C,46,NF_min,nan,False,slide_back
30.0,C,47,slip_mean,nan,False,slide_back
30.0,C,47,slip_max,nan,False,slide_back
30.0,C,47,anchor_back_over_stroke,nan,False,slide_back
30.0,C,47,z_F_mean,nan,False,slide_back
30.0,C,47,z_R_mean,nan,False,slide_back
30.0,C,47,travel_eff,nan,False,slide_back
30.0,C,47,cot,inf,False,slide_back
30.0,C,47,cog_err_rms,nan,False,slide_back
30.0,C,47,NF_min,nan,False,slide_back
30.0,C,48,slip_mean,nan,False,slide_back
30.0,C,48,slip_max,nan,False,slide_back
30.0,C,48,anchor_back_over_stroke,nan,False,slide_back
30.0,C,48,z_F_mean,nan,False,slide_back
30.0,C,48,z_R_mean,nan,False,slide_back
30.0,C,48,travel_eff,nan,False,slide_back
30.0,C,48,cot,inf,False,slide_back
30.0,C,48,cog_err_rms,nan,False,slide_back
30.0,C,48,NF_min,nan,False,slide_back
30.0,C,49,slip_mean,nan,False,slide_back
30.0,C,49,slip_max,nan,False,slide_back
30.0,C,49,anchor_back_over_stroke,nan,False,slide_back
30.0,C,49,z_F_mean,nan,False,slide_back
30.0,C,49,z_R_mean,nan,False,slide_back
30.0,C,49,travel_eff,nan,False,slide_back
30.0,C,49,cot,inf,False,slide_back
30.0,C,49,cog_err_rms,nan,False,slide_back
30.0,C,49,NF_min,nan,False,slide_back
30.0,C,50,slip_mean,nan,False,slide_back
30.0,C,50,slip_max,nan,False,slide_back
30.0,C,50,anchor_back_over_stroke,nan,False,slide_back
30.0,C,50,z_F_mean,nan,False,slide_back
30.0,C,50,z_R_mean,nan,False,slide_back
30.0,C,50,travel_eff,nan,False,slide_back
30.0,C,50,cot,inf,False,slide_back
30.0,C,50,cog_err_rms,nan,False,slide_back
30.0,C,50,NF_min,nan,False,slide_back
30.0,C,51,slip_mean,nan,False,slide_back
30.0,C,51,slip_max,nan,False,slide_back
30.0,C,51,anchor_back_over_stroke,nan,False,slide_back
30.0,C,51,z_F_mean,nan,False,slide_back
30.0,C,51,z_R_mean,nan,False,slide_back
30.0,C,51,travel_eff,nan,False,slide_back
30.0,C,51,cot,inf,False,slide_back
30.0,C,51,cog_err_rms,nan,False,slide_back
30.0,C,51,NF_min,nan,False,slide_back
30.0,C,52,slip_mean,0.2964366545512194,True,
30.0,C,52,slip_max,1.0,True,
30.0,C,52,anchor_back_over_stroke,0.34472963670780554,True,
30.0,C,52,z_F_mean,0.014738916336421545,True,
30.0,C,52,z_R_mean,0.023353465785487602,True,
30.0,C,52,travel_eff,0.6054866972767033,True,
30.0,C,52,cot,2.9745249232622264,True,
30.0,C,52,cog_err_rms,0.005537858047263508,True,
30.0,C,52,NF_min,18.26022441897571,True,
30.0,C,53,slip_mean,0.5005747541657095,True,
30.0,C,53,slip_max,1.0,True,
30.0,C,53,anchor_back_over_stroke,1.2826695154106942,True,
30.0,C,53,z_F_mean,0.008945629298843,True,
30.0,C,53,z_R_mean,0.0145446538584295,True,
30.0,C,53,travel_eff,0.21479339785916846,True,
30.0,C,53,cot,6.122927531621934,True,
30.0,C,53,cog_err_rms,0.0015489713179940667,True,
30.0,C,53,NF_min,26.386999118151376,True,
30.0,C,54,slip_mean,nan,False,slide_back
30.0,C,54,slip_max,nan,False,slide_back
30.0,C,54,anchor_back_over_stroke,nan,False,slide_back
30.0,C,54,z_F_mean,nan,False,slide_back
30.0,C,54,z_R_mean,nan,False,slide_back
30.0,C,54,travel_eff,nan,False,slide_back
30.0,C,54,cot,inf,False,slide_back
30.0,C,54,cog_err_rms,nan,False,slide_back
30.0,C,54,NF_min,nan,False,slide_back
30.0,C,55,slip_mean,nan,False,slide_back
30.0,C,55,slip_max,nan,False,slide_back
30.0,C,55,anchor_back_over_stroke,nan,False,slide_back
30.0,C,55,z_F_mean,nan,False,slide_back
30.0,C,55,z_R_mean,nan,False,slide_back
30.0,C,55,travel_eff,nan,False,slide_back
30.0,C,55,cot,inf,False,slide_back
30.0,C,55,cog_err_rms,nan,False,slide_back
30.0,C,55,NF_min,nan,False,slide_back
30.0,C,56,slip_mean,0.4910153083843589,True,
30.0,C,56,slip_max,1.0,True,
30.0,C,56,anchor_back_over_stroke,1.5679575343543701,True,
30.0,C,56,z_F_mean,0.011194899081880039,True,
30.0,C,56,z_R_mean,0.018207476942145563,True,
30.0,C,56,travel_eff,0.08241180273416779,True,
30.0,C,56,cot,17.66228860978551,True,
30.0,C,56,cog_err_rms,0.0004679552156863868,True,
30.0,C,56,NF_min,24.056513003514436,True,
30.0,C,57,slip_mean,nan,False,stall_advance
30.0,C,57,slip_max,nan,False,stall_advance
30.0,C,57,anchor_back_over_stroke,nan,False,stall_advance
30.0,C,57,z_F_mean,nan,False,stall_advance
30.0,C,57,z_R_mean,nan,False,stall_advance
30.0,C,57,travel_eff,nan,False,stall_advance
30.0,C,57,cot,inf,False,stall_advance
30.0,C,57,cog_err_rms,nan,False,stall_advance
30.0,C,57,NF_min,nan,False,stall_advance
30.0,C,58,slip_mean,nan,False,slide_back
30.0,C,58,slip_max,nan,False,slide_back
30.0,C,58,anchor_back_over_stroke,nan,False,slide_back
30.0,C,58,z_F_mean,nan,False,slide_back
30.0,C,58,z_R_mean,nan,False,slide_back
30.0,C,58,travel_eff,nan,False,slide_back
30.0,C,58,cot,inf,False,slide_back
30.0,C,58,cog_err_rms,nan,False,slide_back
30.0,C,58,NF_min,nan,False,slide_back
30.0,C,59,slip_mean,nan,False,stall_advance
30.0,C,59,slip_max,nan,False,stall_advance
30.0,C,59,anchor_back_over_stroke,nan,False,stall_advance
30.0,C,59,z_F_mean,nan,False,stall_advance
30.0,C,59,z_R_mean,nan,False,stall_advance
30.0,C,59,travel_eff,nan,False,stall_advance
30.0,C,59,cot,inf,False,stall_advance
30.0,C,59,cog_err_rms,nan,False,stall_advance
30.0,C,59,NF_min,nan,False,stall_advance
